Zotero Key,DOI,Title,Year,Authors
M68WDV7V,,SentinelAgent: graph-based anomaly detection in multi-agent systems,2025,"He, Xu; Wu, Di; Zhai, Yan; Sun, Kun"
J6R68X5R,,Client-side zero-shot LLM inference for comprehensive In-browser URL analysis,2025,"Cohen, Avihay"
XFKBUUTP,,BEAR: BGP event analysis and reporting,2025,"Li, Hanqing; Fedeli, Melania; Kolar, Vinay; Klabjan, Diego"
NQEDJ6TG,,IRCopilot: automated incident response with large language models,2025,"Lin, Xihuan; Zhang, Jie; Deng, Gelei; Liu, Tianzhe; Zhang, Tianwei; Guo, Qing; Chen, Riqing"
XXQ2H8IN,,"JavaSith: a client-side framework for analyzing potentially malicious extensions in browsers, VS code, and NPM packages",2025,"Cohen, Avihay"
BIVFMCUP,,ChestyBot: detecting and disrupting chinese communist party influence stratagems,2025,"Stoffolano, Matthew; Rout, Ayush; Pelletier, Justin M."
ZBMFH5WE,,Benchmarking LLMs in an embodied environment for blue team threat hunting,2025,"Liu, Xiaoqun; Yu, Feiyang; Li, Xi; Yan, Guanhua; Yang, Ping; Xi, Zhaohan"
S2F8HZIJ,,RuleGenie: SIEM detection rule set optimization,2025,"Shukla, Akansha; Gandhi, Parth Atulbhai; Elovici, Yuval; Shabtai, Asaf"
RFSHFEGN,,AI-driven IRM: transforming insider risk management with adaptive scoring and LLM-based threat detection,2025,"Koli, Lokesh; Kalra, Shubham; Thakur, Rohan; Saifi, Anas; Singh, Karanpreet"
DMZAGJZJ,,Detection method for prompt injection by integrating pre-trained model and heuristic feature engineering,2025,"Ji, Yi; Li, Runzhi; Mao, Baolei"
6PQDDH55,,A unified framework for human AI collaboration in security operations centers with trusted autonomy,2025,"Mohsin, Ahmad; Janicke, Helge; Ibrahim, Ahmed; Sarker, Iqbal H.; Camtepe, Seyit"
HU8M78S2,,LLM-BSCVM: an LLM-based blockchain smart contract vulnerability management framework,2025,"Jin, Yanli; Li, Chunpei; Fan, Peng; Liu, Peng; Li, Xianxian; Liu, Chen; Qiu, Wangjie"
AI6CWI6U,,MultiPhishGuard: an LLM-based multi-agent system for phishing email detection,2025,"Xue, Yinuo; Spero, Eric; Koh, Yun Sing; Russello, Giovanni"
5T8PH7VC,,VAU-R1: advancing video anomaly understanding via reinforcement fine-tuning,2025,"Zhu, Liyun; Chen, Qixiang; Shen, Xi; Cun, Xiaodong"
FD3TP6ES,,Holmes: automated fact check with large language models,2025,"Ou, Haoran; Deng, Gelei; Han, Xingshuo; Zhang, Jie; He, Xinlei; Qiu, Han; Guo, Shangwei; Zhang, Tianwei"
ZB84THD8,,ACSE-eval: can LLMs threat model real-world cloud infrastructure?,2025,"Munshi, Sarthak; Pathak, Swapnil; Ghatode, Sonam; Priyadarshini, Thenuga; Chandramouleeswaran, Dhivya; Rana, Ashutosh"
4CCGW23W,,Leveraging large language models for command injection vulnerability analysis in python: an empirical study on popular open-source projects,2025,"Wang, Yuxuan; Chen, Jingshu; Wang, Qingyang"
HHW3IIKJ,,LLM-based threat detection and prevention framework for IoT ecosystems,2025,"Otoum, Yazan; Asad, Arghavan; Nayak, Amiya"
TU8EF3UF,,PROVSYN: synthesizing provenance graphs for data augmentation in intrusion detection systems,2025,"Huang, Yi; Hassan, Wajih UI; Guo, Yao; Chen, Xiangqun; Li, Ding"
T5VIQUC5,,AIGI-holmes: towards explainable and generalizable AI-generated image detection via multimodal large language models,2025,"Zhou, Ziyin; Luo, Yunpeng; Wu, Yuanchen; Sun, Ke; Ji, Jiayi; Yan, Ke; Ding, Shouhong; Sun, Xiaoshuai; Wu, Yunsheng; Ji, Rongrong"
IFU6PGD4,,PhishDebate: an LLM-based multi-agent framework for phishing website detection,2025,"Li, Wenhao; Manickam, Selvakumar; Chong, Yung-wey; Karuppayah, Shankar"
JI36WVKN,,Semantic-aware parsing for security logs,2025,"Piet, Julien; Fang, Vivian; Khare, Rishi; Coull, Scott; Paxson, Vern; Popa, Raluca Ada; Wagner, David"
EFGKXWSC,,SV-LLM: an agentic approach for SoC security verification using large language models,2025,"Saha, Dipayan; Tarek, Shams; Shaikh, Hasan Al; Hasan, Khan Thamid; Nalluri, Pavan Sai; Hasan, Md. Ajoad; Alam, Nashmin; Zhou, Jingbo; Saha, Sujan Kumar; Tehranipoor, Mark; Farahmandi, Farimah"
E5U5234M,,LLM embedding-based attribution (LEA): quantifying source contributions to generative model's response for vulnerability analysis,2025,"Fayyazi, Reza; Zuzak, Michael; Yang, Shanchieh Jay"
NQ6EBXMK,,Revealing the true indicators: understanding and improving IoC extraction from threat reports,2025,"Froudakis, Evangelos; Avgetidis, Athanasios; Frankum, Sean Tyler; Perdisci, Roberto; Antonakakis, Manos; Keromytis, Angelos D."
9QBJ549Z,,LLMs on support of privacy and security of mobile apps: state of the art and research directions,2025,"Nguyen, Tran Thanh Lam; Carminati, Barbara; Ferrari, Elena"
WNU8C9Z6,,Enhancing android malware detection with retrieval-augmented generation,2025,"S., Saraga; S., Anagha M.; Arikkat, Dincy R.; A., Rafidha Rehiman K.; Nicolazzo, Serena; Nocera, Antonino; P, Vinod"
SAIM9X9J,,Who's the mole? Modeling and detecting intention-hiding malicious agents in LLM-based multi-agent systems,2025,"Xie, Yizhe; Zhu, Congcong; Zhang, Xinyue; Zhu, Tianqing; Ye, Dayong; Wang, Minghao; Liu, Chi"
HZRUHI79,,Evaluating language models for threat detection in IoT security logs,2025,"Tejero-Fernández, Jorge J.; Sánchez-Macián, Alfonso"
KR3XQPIM,,"Evaluating large language models for phishing detection, self-consistency, faithfulness, and explainability",2025,"Kuikel, Shova; Piplai, Aritran; Aggarwal, Palvi"
E5HS942E,,MM-AttacKG: a multimodal approach to attack graph construction with large language models,2025,"Zhang, Yongheng; Zhao, Xinyun; Ma, Yunshan; Ma, Haokai; Guan, Yingxiao; Yang, Guozheng; Lu, Yuliang; Wang, Xiang"
PCGVA83W,,"Explain first, trust later: LLM-augmented explanations for graph-based crypto anomaly detection",2025,"Watson, Adriana; Richards, Grant; Schiff, Daniel"
7GSSZBFN,,Enhancing security in LLM applications: a performance evaluation of early detection systems,2025,"Gakh, Valerii; Bahsi, Hayretdin"
WXC89KWZ,,KnowML: improving generalization of ML-NIDS with attack knowledge graphs,2025,"Guo, Xin Fan; Penuela, Albert Merono; Maffeis, Sergio; Pierazzi, Fabio"
9EAW6CHT,,mTSBench: benchmarking multivariate time series anomaly detection and model selection at scale,2025,"Zhou, Xiaona; Brif, Constantin; Lourentzou, Ismini"
XIC3HVD4,,MalGEN: a generative agent framework for modeling malicious software in cybersecurity,2025,"Saha, Bikash; Shukla, Sandeep Kumar"
8M2TE2JT,,Expert-in-the-loop systems with cross-domain and In-domain few-shot learning for software vulnerability detection,2025,"Farr, David; Talty, Kevin; Farr, Alexandra; Stockdale, John; Cruickshank, Iain; West, Jevin"
DJ5CBQEI,,Automated attack testflow extraction from cyber threat report using BERT for contextual analysis,2025,"Ahmadou, Faissal; Ghaffarzadegan, Sepehr; Nour, Boubakr; Pourzandi, Makan; Debbabi, Mourad; Assi, Chadi"
746MUH9Q,,ShieldLearner: a new paradigm for jailbreak attack defense in LLMs,2025,"Ni, Ziyi; Wang, Hao; Wang, Huacan"
IEUST5PA,,Modification and generated-text detection: achieving dual detection capabilities for the outputs of LLM by watermark,2025,"Cai, Yuhang; Wang, Yaofei; Hu, Donghui; Gu, Chen"
43D9IF39,,Beyond trusting trust: multi-model validation for robust code generation,2025,"McDanel, Bradley"
E597T3S7,,Follow the rules: reasoning for video anomaly detection with large language models,2024,"Yang, Yuchen; Lee, Kwonjoon; Dariush, Behzad; Cao, Yinzhi; Lo, Shao-Yuan"
TGHETIV7,,Chain-of-scrutiny: detecting backdoor attacks for large language models,2024,"Li, Xi; Mao, Ruofan; Zhang, Yusen; Lou, Renze; Wu, Chen; Wang, Jiaqi"
N3XMUGXZ,,"Exploring LLMs for malware detection: review, framework design, and countermeasure approaches",2024,"Al-Karaki, Jamal; Khan, Muhammad Al-Zafar; Omar, Marwan"
XMJ3AWZD,,Ethereum fraud detection via joint transaction language model and graph representation learning,2024,"Sun, Jianguo; Jia, Yifan; Wang, Yanbin; Liu, Yiwei; Sheng, Zhang; Tian, Ye"
D5UB52EC,,Audit-LLM: multi-agent collaboration for log-based insider threat detection,2024,"Song, Chengyu; Ma, Linru; Zheng, Jianming; Liao, Jinzhi; Kuang, Hongyu; Yang, Lin"
UGJ9C2KH,,CTISum: a new benchmark dataset for cyber threat intelligence summarization,2024,"Peng, Wei; Ding, Junmei; Wang, Wei; Cui, Lei; Cai, Wei; Hao, Zhiyu; Yun, Xiaochun"
TEJ9EMD7,,From ML to LLM: evaluating the robustness of phishing webpage detection models against adversarial attacks,2024,"Kulkarni, Aditya; Balachandran, Vivek; Divakaran, Dinil Mon; Das, Tamal"
HCWXPKZ4,,A lean transformer model for dynamic malware analysis and detection,2024,"Quertier, Tony; Marais, Benjamin; Barrué, Grégoire; Morucci, Stéphane; Azé, Sévan; Salladin, Sébastien"
BSMAUPXM,,"PhishLang: a real-time, fully client-side phishing detection framework using MobileBERT",2024,"Roy, Sayak Saha; Nilizadeh, Shirin"
WMJBUSD8,,KGV: integrating large language models with knowledge graphs for cyber threat intelligence credibility assessment,2024,"Wu, Zongzong; Tang, Fengxiao; Zhao, Ming; Li, Yufeng"
DCWV2KWM,,PhishAgent: a robust multimodal agent for phishing webpage detection,2024,"Cao, Tri; Huang, Chengyu; Li, Yuexin; Wang, Huilin; He, Amy; Oo, Nay; Hooi, Bryan"
UJT4RMV9,,HSF: defending against jailbreak attacks with hidden state filtering,2024,"Qian, Cheng; Zhang, Hainan; Sha, Lei; Zheng, Zhiming"
6CH8SI5K,,Static detection of filesystem vulnerabilities in android systems,2024,"Lee, Yu-Tsung; Vijayakumar, Hayawardh; Qian, Zhiyun; Jaeger, Trent"
FBZ267KJ,,Defending large language models against attacks with residual stream activation analysis,2024,"Kawasaki, Amelia; Davis, Andrew; Abbas, Houssam"
FXXR8988,,Fake news detection and manipulation reasoning via large vision-language models,2024,"Jin, Ruihan; Fu, Ruibo; Wen, Zhengqi; Zhang, Shuai; Liu, Yukun; Tao, Jianhua"
Z2DNB2DN,,A novel generative AI-based framework for anomaly detection in multicast messages in smart grid communications,2024,"Zaboli, Aydin; Choi, Seong Lok; Song, Tai-Jin; Hong, Junho"
UGMNFXA7,,DomURLs_BERT: pre-trained BERT-based model for malicious domains and URLs detection and classification,2024,"Mahdaouy, Abdelkader El; Lamsiyah, Salima; Idrissi, Meryem Janati; Alami, Hamza; Yartaoui, Zakaria; Berrada, Ismail"
NEVQJ9XK,,Towards automatic hands-on-keyboard attack detection using LLMs in EDR solutions,2024,"Portnoy, Amit; Azikri, Ehud; Kels, Shay"
AJIXZPI5,,ANVIL: anomaly-based vulnerability identification without labelled training data,2024,"Wang, Weizhou; Liu, Eric; Guo, Xiangyu; Hu, Xiao; Grishchenko, Ilya; Lie, David"
ARUFE797,,LLMCloudHunter: harnessing LLMs for automated extraction of detection rules from cloud-based CTI,2024,"Schwartz, Yuval; Benshimol, Lavi; Mimran, Dudu; Elovici, Yuval; Shabtai, Asaf"
B3V992HH,,PenHeal: a two-stage LLM framework for automated pentesting and optimal remediation,2024,"Huang, Junjie; Zhu, Quanyan"
MXT32JJ7,,Is the digital forensics and incident response pipeline ready for text-based threats in LLM era?,2024,"Bhandarkar, Avanti; Wilson, Ronald; Swarup, Anushka; Zhu, Mengdi; Woodard, Damon"
HMAQA7RX,,MistralBSM: leveraging mistral-7B for vehicular networks misbehavior detection,2024,"Hamhoum, Wissal; Cherkaoui, Soumaya"
GDIUX8BS,,PEEK: phishing evolution framework for phishing generation and evolving pattern analysis using large language models,2024,"Chen, Fengchao; Wu, Tingmin; Nguyen, Van; Wang, Shuo; Abuadbba, Alsharif; Rudolph, Carsten"
PD3P67H9,,MultiKG: multi-source threat intelligence aggregation for high-quality knowledge graph representation of attack techniques,2024,"Wang, Jian; Zhu, Tiantian; Xiong, Chunlin; Chen, Yan"
ZB5TVUZ4,,Continuous GNN-based anomaly detection on edge using efficient adaptive knowledge graph learning,2024,"Yun, Sanggeon; Masukawa, Ryozo; Chung, William Youngwoo; Na, Minhyoung; Bastian, Nathaniel; Imani, Mohsen"
K9IIDQTZ,,Secret breach prevention in software issue reports,2024,"Ahmed, Sadif; Rahman, Md Nafiu; Wahab, Zahin; Uddin, Gias; Shahriyar, Rifat"
AZ3EZJZB,,LLM-based continuous intrusion detection framework for next-gen networks,2024,"Adjewa, Frederic; Esseghir, Moez; Merghem-Boulahia, Leila"
QKE76NRU,,Embedding-based classifiers can detect prompt injection attacks,2024,"Ayub, Md. Ahsan; Majumdar, Subhabrata"
NZQPPCHG,,InjecGuard: benchmarking and mitigating over-defense in prompt injection guardrail models,2024,"Li, Hao; Liu, Xiaogeng"
C26CUW8W,,EUREKHA: enhancing user representation for key hackers identification in underground forums,2024,"Amadou, Abdoul Nasser Hassane; Motii, Anas; Elouardi, Saida; Bergou, EL Houcine"
Z9HCE7SB,,LLM app squatting and cloning,2024,"Xie, Yinglin; Hou, Xinyi; Zhao, Yanjie; Chen, Kai; Wang, Haoyu"
KUG26K2K,,ProveRAG: provenance-driven vulnerability analysis with automated retrieval-augmented LLMs,2024,"Fayyazi, Reza; Trueba, Stella Hoyos; Zuzak, Michael; Yang, Shanchieh Jay"
U68QBKVK,,BlockScan: detecting anomalies in blockchain transactions,2024,"Yu, Jiahao; Wu, Xian; Liu, Hao; Guo, Wenbo; Xing, Xinyu"
IGCMHNIR,,Palisade -- prompt injection detection framework,2024,"Kokkula, Sahasra; R, Somanathan; R, Nandavardhan; , ; Divya, G"
2NCF5QD7,,Data-centric NLP backdoor defense from the lens of memorization,2024,"Wang, Zhenting; Wang, Zhizhi; Jin, Mingyu; Du, Mengnan; Zhai, Juan; Ma, Shiqing"
UU7HWP9B,,IntelliRadar: a comprehensive platform to pinpoint malicious package information from cyber intelligence,2024,"Guo, Wenbo; Liu, Chengwei; Wang, Limin; Zhang, Yiran; Wu, Jiahui; Xu, Zhengzi; Liu, Yang"
R8ZAUXDE,,Take package as language: anomaly detection using transformer,2024,"Huang, Jie"
FK2T72R3,,INVARLLM: LLM-assisted physical invariant extraction for cyber-physical systems anomaly detection,2024,"Abshari, Danial; Shi, Peiran; Fu, Chenglong; Sridhar, Meera; Du, Xiaojiang"
AW6V24A8,,LLMs for domain generation algorithm detection,2024,"O, Reynier Leyva La; Catania, Carlos A.; Parlanti, Tatiana"
RBMERP5K,,TIPS: threat actor informed prioritization of applications using SecEncoder,2024,"Bulut, Muhammed Fatih; Tamersoy, Acar; Ahmad, Naveed; Liu, Yingqi; Greenwald, Lloyd"
C9E99PIC,,Enhancing pre-trained language models for vulnerability detection via semantic-preserving data augmentation,2024,"Qi, Weiliang; Cao, Jiahao; Poddar, Darsh; Li, Sophia; Wang, Xinda"
H2E7ZHPC,,Fine-tuned large language models (LLMs): improved prompt injection attacks detection,2024,"Rahman, Md Abdur; Wu, Fan; Cuzzocrea, Alfredo; Ahamed, Sheikh Iqbal"
RDB6KV5E,,FATH: authentication-based test-time defense against indirect prompt injection attacks,2024,"Wang, Jiongxiao; Wu, Fangzhou; Li, Wendi; Pan, Jinsheng; Suh, Edward; Mao, Z. Morley; Chen, Muhao; Xiao, Chaowei"
S7PXRPES,,Can LLMs be scammed? A baseline measurement study,2024,"Sehwag, Udari Madhushani; Patel, Kelly; Mosca, Francesca; Ravi, Vineeth; Staddon, Jessica"
2GVVFZJ3,,Combating phone scams with LLM-based detection: where do we stand?,2024,"Shen, Zitong; Wang, Kangzhong; Zhang, Youqian; Ngai, Grace; Fu, Eugene Y."
QJ5SK5PR,,"When AIOps become ""AI oops"": subverting LLM-driven IT operations via telemetry manipulation",2025,"Pasquini, Dario; Kornaropoulos, Evgenios M.; Ateniese, Giuseppe; Akgul, Omer; Theocharis, Athanasios; Efstathopoulos, Petros"
H99A2ZSN,,Robust anomaly detection in O-RAN: leveraging LLMs against data manipulation attacks,2025,"Dayaratne, Thusitha; Pham, Ngoc Duy; Vo, Viet; Lai, Shangqi; Abuadbba, Sharif; Suzuki, Hajime; Yuan, Xingliang; Rudolph, Carsten"
Z3FTJSCE,,LeakSealer: a semisupervised defense for LLMs against prompt injection and leakage attacks,2025,"Panebianco, Francesco; Bonfanti, Stefano; Trovò, Francesco; Carminati, Michele"
KASWRKF3,,"Enhancing GraphQL security by detecting malicious queries using large language models, sentence transformers, and convolutional neural networks",2025,"Perera, Irash; Abeyrathne, Hiranya; Malalgoda, Sanjeewa; Ifthikar, Arshardh"
SZQ73KNU,,MCP-guard: a defense framework for model context protocol integrity in large language model applications,2025,"Xing, Wenpeng; Qi, Zhonghao; Qin, Yupeng; Li, Yilin; Chang, Caini; Yu, Jiahui; Lin, Changting; Xie, Zhenzhen; Han, Meng"
MPG747M9,,Can multi-modal (reasoning) LLMs detect document manipulation?,2025,"Liang, Zisheng; Zewde, Kidus; Singh, Rudra Pratap; Patil, Disha; Chen, Zexi; Xue, Jiayu; Yao, Yao; Chen, Yifei; Liu, Qinzhe; Ren, Simiao"
IRPI2TAZ,,FALCON: autonomous cyber threat intelligence mining with LLMs for IDS rule generation,2025,"Mitra, Shaswata; Bazarov, Azim; Duclos, Martin; Mittal, Sudip; Piplai, Aritran; Rahman, Md Rayhanur; Zieglar, Edward; Rahimi, Shahram"
WU6PT4AQ,,Per-sender neural network classifiers for email authorship validation,2025,"Dube, Rohit"
884KRRGI,,Quantifying conversation drift in MCP via latent polytope,2025,"Shi, Haoran; Yao, Hongwei; Shao, Shuo; Jiao, Shaopeng; Peng, Ziqi; Qin, Zhan; Wang, Cong"
I2BM5KAU,,Mitigating distribution shift in graph-based android malware classification via function metadata and LLM embeddings,2025,"Tran, Ngoc N.; Said, Anwar; Abbas, Waseem; Derr, Tyler; Koutsoukos, Xenofon D."
9TEIRPG6,,Chimera: harnessing multi-agent LLMs for automatic insider threat simulation,2025,"Yu, Jiongchi; Xie, Xiaofei; Hu, Qiang; Ma, Yuhan; Zhao, Ziming"
K5HHI6XG,,Securing agentic AI: threat modeling and risk analysis for network monitoring agentic AI system,2025,"Zambare, Pallavi; Thanikella, Venkata Nikhil; Liu, Ying"
5WFGHRN6,,DUP: detection-guided unlearning for backdoor purification in language models,2025,"Hu, Man; Ding, Yahui; Yang, Yatao; Chen, Liangyu; Jia, Yanhao; Zhao, Shuai"
34H6JM5W,,Leveraging large language models for SQL behavior-based database intrusion detection,2025,"Shlezinger, Meital; Akirav, Shay; Zhou, Lei; Guo, Liang; Kessel, Avi; Li, Guoliang"
AN2H8REI,,ConfGuard: a simple and effective backdoor detection for large language models,2025,"Wang, Zihan; Zhang, Rui; Li, Hongwei; Fan, Wenshu; Jiang, Wenbo; Zhao, Qingchuan; Xu, Guowen"
NVDW2URN,,DMFI: dual-modality fine-tuning and inference framework for LLM-based insider threat detection,2025,"Kong, Kaichuan; Liu, Dongjie; Jin, Xiaobo; Geng, Guanggang; Li, Zhiying; Weng, Jian"
KDN4C857,,"Anticipate, simulate, reason (ASR): a comprehensive generative AI framework for combating messaging scams",2025,"Tan, Xue Wen; See, Kenneth; Kok, Stanley"
BMFBFDUP,,Breaking obfuscation: cluster-aware graph with LLM-aided recovery for malicious JavaScript detection,2025,"Liang, Zhihong; Wang, Xin; Hu, Zhenhuang; Song, Liangliang; Chen, Lin; Guo, Jingjing; Wang, Yanbin; Tian, Ye"
DWCDTG7X,,Counterfactual evaluation for blind attack detection in LLM-based evaluation systems,2025,"Liu, Lijia; Kondo, Takumi; Atarashi, Kyohei; Takeuchi, Koh; Li, Jiyi; Saito, Shigeru; Kashima, Hisashi"
2GZ5R566,,From text to actionable intelligence: automating STIX entity and relationship extraction,2025,"Lekssays, Ahmed; Sencar, Husrev Taha; Yu, Ting"
N3AR23QQ,,Interpretable anomaly-based DDoS detection in AI-RAN with XAI and LLMs,2025,"Chatzimiltis, Sotiris; Shojafar, Mohammad; Mashhadi, Mahdi Boloursaz; Tafazolli, Rahim"
RAC9U7U6,,Smart contract intent detection with pre-trained programming language model,2025,"Huang, Youwei; Li, Jianwen; Fang, Sen; Li, Yao; Yang, Peng; Hu, Bin"
MAD3UE3F,,"MindGuard: tracking, detecting, and attributing MCP tool poisoning attack via decision dependence graph",2025,"Wang, Zhiqiang; Zhang, Junyang; Shi, Guanquan; Cheng, HaoRan; Yao, Yunhao; Guo, Kaiwen; Du, Haohua; Li, Xiang-Yang"
ZMHQJEMJ,,PromptSleuth: detecting prompt injection via semantic intent invariance,2025,"Wang, Mengxiao; Zhang, Yuxuan; Gu, Guofei"
D9AC9P7M,,LLM-driven provenance forensics for threat investigation and detection,2025,"Mukherjee, Kunal; Kantarcioglu, Murat"
RJPPUJQE,,Mind the gap: time-of-check to time-of-use vulnerabilities in LLM-enabled agents,2025,"Lilienthal, Derek; Hong, Sanghyun"
D5B2G4VC,,AnomalyExplainer explainable AI for LLM-based anomaly detection using BERTViz and captum,2025,"Balasubramanian, Prasasthy; Kankanamge, Dumindu; Gilman, Ekaterina; Oussalah, Mourad"
975K29C9,,BlindGuard: safeguarding LLM-based multi-agent systems under unknown attacks,2025,"Miao, Rui; Liu, Yixin; Wang, Yili; Shen, Xu; Tan, Yue; Dai, Yiwei; Pan, Shirui; Wang, Xin"
QP8U3A3D,,LLM-based identification of infostealer infection vectors from screenshots: the case of aurora,2025,"Ruellan, Estelle; Clay, Eric; Ascoli, Nicholas"
FPNEXHKG,,Paladin: defending LLM-enabled phishing emails with a new trigger-tag paradigm,2025,"Pang, Yan; Meng, Wenlong; Liao, Xiaojing; Wang, Tianhao"
IXS2J4CD,,Insight-LLM: LLM-enhanced multi-view fusion in insider threat detection,2025,"Song, Chengyu; Zheng, Jianming"
9KFGVUPG,,"When MCP servers attack: taxonomy, feasibility, and mitigation",2025,"Zhao, Weibo; Liu, Jiahao; Ruan, Bonan; Li, Shaofei; Liang, Zhenkai"
GEVD3HPM,,LISA technical report: an agentic framework for smart contract auditing,2025,"Sun, Izaiah; Tan, Daniel; Deng, Andy"
VKWQE3KU,,BEACON: behavioral malware classification with large language model embeddings and deep learning,2025,"Perera, Wadduwage Shanika; Jiang, Haodi"
TV4D2GI9,,Design and development of an intelligent LLM-based LDAP honeypot,2025,"Jiménez-Román, Javier; Almenares-Mendoza, Florina; Sánchez-Macián, Alfonso"
JT7AFHXC,,"AQUA-LLM: evaluating accuracy, quantization, and adversarial robustness trade-offs in LLMs for cybersecurity question answering",2025,"Gungor, Onat; Sood, Roshan; Wang, Harold; Rosing, Tajana"
8EBRAGUN,,A framework for rapidly developing and deploying protection against large language model attacks,2025,"Swanda, Adam; Chang, Amy; Chen, Alexander; Burch, Fraser; Kassianik, Paul; Berlin, Konstantin"
RTXP4VB7,,KubeGuard: LLM-assisted kubernetes hardening via configuration files and runtime logs analysis,2025,"Cohen, Omri Sgan; Malul, Ehud; Meidan, Yair; Mimran, Dudu; Elovici, Yuval; Shabtai, Asaf"
Q8TDAGMX,,Cross-service threat intelligence in LLM services using privacy-preserving fingerprints,2025,"Gill, Waris; Isak, Natalie; Dressman, Matthew"
VXS4GKD6,,Adversarial bug reports as a security risk in language model-based automated program repair,2025,"Przymus, Piotr; Happe, Andreas; Cito, Jürgen"
FBZPAE5C,,An ethically grounded LLM-based approach to insider threat synthesis and detection,2025,"Gelman, Haywood; Hastings, John D.; Kenley, David"
85PA5KH4,,Send to which account? Evaluation of an LLM-based scambaiting system,2025,"Siadati, Hossein; Jafarian, Haadi; Jafarikhah, Sima"
RB9BCEJU,,Fraud detection and risk assessment of online payment transactions on e-commerce platforms based on LLM and GCN frameworks,2025,"Luo, RuiHan; Wang, Nanxi; Zhu, Xiaotong"
XD45W9N2,,Securing LLM-generated embedded firmware through AI agent-driven validation and patching,2025,"Abtahi, Seyed Moein; Azim, Akramul"
XUMTVVAR,,TraceLLM: security diagnosis through traces and smart contracts in ethereum,2025,"Wang, Shuzheng; Huang, Yue; Xu, Zhuoer; Huang, Yuming; Tang, Jing"
SD4SKP6K,,KGBERT4Eth: a feature-complete transformer powered by knowledge graph for multi-task ethereum fraud detection,2025,"Jia, Yifan; Tian, Ye; Zhang, Liguo; Wang, Yanbin; Sun, Jianguo; Song, Liangliang"
4QD52D4P,,AI kill switch for malicious web-based LLM agent,2025,"Lee, Sechan; Park, Sangdon"
2CHHXVCA,,Exploring backdoor attack and defense for LLM-empowered recommendations,2025,"Ning, Liangbo; Fan, Wenqi; Li, Qing"
CT44WBZV,,Benchmarking LLM-assisted blue teaming via standardized threat hunting,2025,"Meng, Yuqiao; Tang, Luoxi; Yu, Feiyang; Li, Xi; Yan, Guanhua; Yang, Ping; Xi, Zhaohan"
43RKP9H5,,Sentinel agents for secure and trustworthy agentic AI in multi-agent systems,2025,"Gosmar, Diego; Dahl, Deborah A."
4HAPX9WD,,EvoMail: self-evolving cognitive agents for adaptive spam and phishing email defense,2025,"Huang, Wei; Chu, De-Tian; Bai, Lin-Yuan; Kang, Wei; Zhang, Hai-Tao; Li, Bo; Han, Zhi-Mo; Ge, Jing; Lin, Hai-Feng"
Z9C972M7,,Can LLMs handle WebShell detection? Overcoming detection challenges with behavioral function-aware framework,2025,"Han, Feijiang; Zhang, Jiaming; Deng, Chuyi; Tang, Jianheng; Liu, Yunhuai"
JX7DKVPJ,,MobiLLM: an agentic AI framework for closed-loop threat mitigation in 6G open RANs,2025,"Sharma, Prakhar; Wen, Haohuang; Yegneswaran, Vinod; Gehani, Ashish; Porras, Phillip; Lin, Zhiqiang"
IXBG7BF2,,SecureBERT 2.0: advanced language model for cybersecurity intelligence,2025,"Aghaei, Ehsan; Jain, Sarthak; Arun, Prashanth; Sambamoorthy, Arjun"
MR26WGFM,,A-MemGuard: a proactive defense framework for LLM-based agent memory,2025,"Wei, Qianshan; Yang, Tengchao; Wang, Yaochen; Li, Xinfeng; Li, Lijun; Yin, Zhenfei; Zhan, Yi; Holz, Thorsten; Lin, Zhiqiang; Wang, XiaoFeng"
5F38Q353,,LLMpatronous: harnessing the power of LLMs for vulnerability detection,2025,"Yarra, Rajesh"
Q6AV5XR2,,InjectLab: a tactical framework for adversarial threat modeling against large language models,2025,"Howard, Austin"
8B4ZAER2,,Secret breach detection in source code with large language models,2025,"Rahman, Md Nafiu; Ahmed, Sadif; Wahab, Zahin; Sohan, S M; Shahriyar, Rifat"
FPSVW7R4,,AdaptiveGuard: towards adaptive runtime safety for LLM-powered software,2025,"Yang, Rui; Fu, Michael; Tantithamthavorn, Chakkrit; Arora, Chetan; Gulmammadova, Gunel; Chua, Joey"
XPFJIIXB,10.1109/IPCCC66453.2025.11304694,ALPHA: LLM-enabled active learning for human-free network anomaly detection,2025,"Luo, Xuanhao; Jha, Shivesh Madan Nath; Sinha, Akruti; Li, Zhizhen; Liu, Yuchen"
W8EVZK2G,,Blockchain large language models,2023,"Gai, Yu; Zhou, Liyi; Qin, Kaihua; Song, Dawn; Gervais, Arthur"
CCEG7VB4,,Hijacking large language models via adversarial In-context learning,2023,"Zhou, Xiangyu; Qiang, Yao; Zade, Saleh Zare; Khanduri, Prashant; Zhu, Dongxiao"
DBW42NB6,,Detection and defense against prominent attacks on preconditioned LLM-integrated virtual assistants,2024,"Chan, Chun Fai; Yip, Daniel Wankit; Esmradi, Aysan"
96GFNRKI,,Prompted contextual vectors for spear-phishing detection,2024,"Nahmias, Daniel; Engelberg, Gal; Klein, Dan; Shabtai, Asaf"
HJJ35ANP,,LogShield: a transformer-based APT detection system leveraging self-attention,2023,"Afnan, Sihat; Sadia, Mushtari; Iqbal, Shahrear; Iqbal, Anindya"
F56QSUD7,,DefectHunter: a novel LLM-driven boosted-conformer-based code vulnerability detection mechanism,2023,"Wang, Jin; Huang, Zishan; Liu, Hengli; Yang, Nianyi; Xiao, Yinhao"
QENV2HSK,,"From chatbots to PhishBots? -- preventing phishing scams created using ChatGPT, google bard and claude",2023,"Roy, Sayak Saha; Thota, Poojitha; Naragam, Krishna Vamsi; Nilizadeh, Shirin"
5DTBEUTD,,RAGLog: log anomaly detection using retrieval augmented generation,2023,"Pan, Jonathan; Wong, Swee Liang; Yuan, Yidi"
VRMI966F,,ChatGPT and other large language models for cybersecurity of smart grid applications,2023,"Zaboli, Aydin; Choi, Seong Lok; Song, Tai-Jin; Hong, Junho"
J7CQPQ8E,,HuntGPT: integrating machine learning-based anomaly detection and explainable AI with large language models (LLMs),2023,"Ali, Tarek; Kostakos, Panos"
2N4A5RVJ,,Asset-centric threat modeling for AI-based systems,2024,"Assen, Jan von der; Sharif, Jamo; Feng, Chao; Killer, Christian; Bovet, Gérôme; Stiller, Burkhard"
JEKBBUB5,,Detecting scams using large language models,2024,"Jiang, Liming"
V2W9KVZ4,,CORTEX: collaborative LLM agents for high-stakes alert triage,2025,"Wei, Bowen; Tay, Yuan Shen; Liu, Howard; Pan, Jinhao; Luo, Kun; Zhu, Ziwei; Jordan, Chris"
ZMF4DKIC,,POLAR: automating cyber threat prioritization through LLM-powered assessment,2025,"Tang, Luoxi; Meng, Yuqiao; Patra, Ankita; Ma, Weicheng; Ye, Muchao; Xi, Zhaohan"
CC3T3J5M,,Intrusion detection system with machine learning and multiple datasets,2023,"Xuan, Haiyan; Manohar, Mohith"
XHQPP2H5,,ParaFuzz: an interpretability-driven technique for detecting poisoned samples in NLP,2023,"Yan, Lu; Zhang, Zhuo; Tao, Guanhong; Zhang, Kaiyuan; Chen, Xuan; Shen, Guangyu; Zhang, Xiangyu"
RARSU4FV,,Baseline defenses for adversarial attacks against aligned language models,2023,"Jain, Neel; Schwarzschild, Avi; Wen, Yuxin; Somepalli, Gowthami; Kirchenbauer, John; Chiang, Ping-yeh; Goldblum, Micah; Saha, Aniruddha; Geiping, Jonas; Goldstein, Tom"
U3JAVVWP,,Revolutionizing cyber threat detection with large language models: a privacy-preserving BERT-based lightweight model for IoT/IIoT devices,2023,"Ferrag, Mohamed Amine; Ndhlovu, Mthandazo; Tihanyi, Norbert; Cordeiro, Lucas C.; Debbah, Merouane; Lestable, Thierry; Thandi, Narinderjit Singh"
JFSH7ZXZ,,RigorLLM: resilient guardrails for large language models against undesired content,2024,"Yuan, Zhuowen; Xiong, Zidi; Zeng, Yi; Yu, Ning; Jia, Ruoxi; Song, Dawn; Li, Bo"
XTEBCJRV,,ChatSpamDetector: leveraging large language models for effective phishing email detection,2024,"Koide, Takashi; Fukushi, Naoki; Nakano, Hiroki; Chiba, Daiki"
35X9ECAH,,Memory-augmented log analysis with phi-4-mini: enhancing threat detection in structured security logs,2025,"Guo, Anbi; Farooque, Mahfuza"
6DM67VVI,,MalCVE: malware detection and CVE association using large language models,2025,"Cristea, Eduard Andrei; Molnes, Petter; Li, Jingyue"
IFHHXJXM,,CrossGuard: safeguarding MLLMs against joint-modal implicit malicious attacks,2025,"Zhang, Xu; Li, Hao; Lu, Zhichao"
X8FV9MMI,,DeepTx: real-time transaction risk analysis via multi-modal features and LLM reasoning,2025,"Liu, Yixuan; Li, Xinlei; Li, Yi"
JP54A5CX,,VisuoAlign: safety alignment of LVLMs with multimodal tree search,2025,"Li, MingSheng; Zhao, Guangze; Liu, Sichen"
DM3U88WC,,TraceAegis: securing LLM-based agents via hierarchical and behavioral anomaly detection,2025,"Liu, Jiahao; Ruan, Bonan; Yang, Xianglin; Lin, Zhiwei; Liu, Yan; Wang, Yang; Wei, Tao; Liang, Zhenkai"
6EZG7DHD,,Proactive DDoS detection and mitigation in decentralized software-defined networking via port-level monitoring and zero-training large language models,2025,"Swileh, Mohammed N.; Zhang, Shengli"
3BXNQEVG,,Defending against prompt injection with DataFilter,2025,"Wang, Yizhu; Chen, Sizhe; Alkhudair, Raghad; Alomair, Basel; Wagner, David"
55Q4VJ93,,SentinelNet: safeguarding multi-agent collaboration through credit-based dynamic threat detection,2025,"Feng, Yang; Pan, Xudong"
8F3D3H7K,,ParaVul: a parallel large language model and retrieval-augmented framework for smart contract vulnerability detection,2025,"Huang, Tenghui; Wen, Jinbo; Kang, Jiawen; Chen, Siyong; Li, Zhengtao; Zhang, Tao; Liu, Dongning; Wang, Jiacheng; Cai, Chengjun; Liu, Yinqiu; Niyato, Dusit"
4GEUM4UQ,,Adaptive and robust data poisoning detection and sanitization in wearable IoT systems using large language models,2025,"Mithsara, W. K. M; Yang, Ning; Imteaj, Ahmed; Zangoti, Hussein; Shahid, Abdur R."
EA35ZJSN,,Adapting large language models to emerging cybersecurity using retrieval augmented generation,2025,"Borah, Arnabh; Alam, Md Tanvirul; Rastogi, Nidhi"
SMA7UFZ9,,Large language models for cyber security,2025,"Somani, Raunak; Cherukuri, Aswani Kumar"
35FNGCDU,,RAG-targeted adversarial attack on LLM-based threat detection and mitigation framework,2025,"Ikbarieh, Seif; Aryal, Kshitiz; Gupta, Maanak"
APJ99UQI,,"MH-1M: a 1.34 million-sample comprehensive multi-feature android malware dataset for machine learning, deep learning, large language models, and threat intelligence research",2025,"Braganca, Hendrio; Kreutz, Diego; Rocha, Vanderson; Assolin, Joner; Feitosa, and Eduardo"
7WCF86MJ,,MCPGuard : automatically detecting vulnerabilities in MCP servers,2025,"Wang, Bin; Liu, Zexin; Yu, Hao; Yang, Ao; Huang, Yenan; Guo, Jing; Cheng, Huangsheng; Li, Hui; Wu, Huiyu"
KT8NU6PD,,Evaluation of vision-LLMs in surveillance video,2025,"Benschop, Pascal; Meo, Cristian; Dauwels, Justin; Mense, Jelte P."
7HNPVT92,,LLMLogAnalyzer: a clustering-based log analysis chatbot using large language models,2025,"Cai, Peng; Ryan, Reza; Karie, Nickson M."
EB58PGXI,,An LLM-powered AI agent framework for holistic IoT traffic interpretation,2025,"Worae, Daniel Adu; Mastorakis, Spyridon"
RBPBES5G,,CTIArena: benchmarking LLM knowledge and reasoning across heterogeneous cyber threat intelligence,2025,"Cheng, Yutong; Liu, Yang; Li, Changze; Song, Dawn; Gao, Peng"
KFJ6U2BB,,"Unified threat detection and mitigation framework (UTDMF): combating prompt injection, deception, and bias in enterprise-scale transformers",2025,"KumarRavindran, Santhosh"
JRG9BAH2,,Training-free In-context forensic chain for image manipulation detection and localization,2025,"Chen, Rui; Liu, Bin; Miao, Changtao; Wang, Xinghao; Li, Yi; Gong, Tao; Chu, Qi; Yu, Nenghai"
8QUIFA8Q,,CLASP: cost-optimized LLM-based agentic system for phishing detection,2025,"Trad, Fouad; Chehab, Ali"
JIMAER9H,,XGen-Q: an explainable domain-adaptive LLM framework with retrieval-augmented generation for software security,2025,"Jelodar, Hamed; Meymani, Mohammad; Razavi-Far, Roozbeh; Ghorbani, Ali A."
9T4Q5HMN,,RHINO: guided reasoning for mapping network logs to adversarial tactics and techniques with large language models,2025,"Meng, Fanchao; Gui, Jiaping; Li, Yunbo; Wu, Yue"
MZDA8ZJE,,"From flows to words: can zero-/few-shot LLMs detect network intrusions? A grammar-constrained, calibrated evaluation on UNSW-NB15",2025,"Rehman, Mohammad Abdul; Shah, Syed Imad Ali; Anwar, Abbas; Islam, Noor"
3FF6R92B,,L2M-AID: autonomous cyber-physical defense by fusing semantic reasoning of large language models with multi-agent reinforcement learning (preprint),2025,"Xu, Tianxiang; Wen, Zhichao; Zhao, Xinyu; Wang, Jun; Li, Yan; Liu, Chang"
3FZDPBWK,,Toward a safer web: multilingual multi-agent LLMs for mitigating adversarial misinformation attacks,2025,"Aldahoul, Nouar; Zaki, Yasir"
G4U5P9F9,,From description to detection: LLM based extendable O-RAN compliant blind DoS detection in 5G and beyond,2025,"Dayaratne, Thusitha; Pham, Ngoc Duy; Vo, Viet; Lai, Shangqi; Abuadbba, Sharif; Suzuki, Hajime; Yuan, Xingliang; Rudolph, Carsten"
UNMF48WG,,NegBLEURT forest: leveraging inconsistencies for detecting jailbreak attacks,2025,"Sleem, Lama; Francois, Jerome; Li, Lujun; Foucher, Nathan; Gentile, Niccolo; State, Radu"
DS3XTC5F,,Design and implementation of a distributed security threat detection system integrating federated learning and multimodal LLM,2025,"Wang, Yuqing; Yang, Xiao"
NEZCZPNZ,,Beyond natural language perplexity: detecting dead code poisoning in code generation datasets,2025,"Tsai, Chi-Chien; Yu, Chia-Mu; Lin, Ying-Dar; Wu, Yu-Sung; Lee, Wei-Bin"
QU6IBDAQ,,Training large language models for advanced typosquatting detection,2025,"Welch, Jackson"
S5ISKRFH,,Knowledge transfer from LLMs to provenance analysis: a semantic-augmented method for APT detection,2025,"Zuo, Fei; Rhee, Junghwan; Choe, Yung Ryn"
A9E6E56I,,RedChronos: a large language model-based log analysis system for insider threat detection in enterprises,2025,"Li, Chenyu; Zhu, Zhengjia; He, Jiyan; Zhang, Xiu"
ZHAEW8BN,,AttackSeqBench: benchmarking large language models in analyzing attack sequences within cyber threat intelligence,2025,"Ma, Haokai; Yong, Javier; Ma, Yunshan; Chen, Kuei; Yusof, Anis; Liang, Zhenkai; Chang, Ee-Chien"
ET3VQJKH,,Personalized attacks of social engineering in multi-turn conversations: LLM agents for simulation and detection,2025,"Kumarage, Tharindu; Johnson, Cameron; Adams, Jadie; Ai, Lin; Kirchner, Matthias; Hoogs, Anthony; Garland, Joshua; Hirschberg, Julia; Basharat, Arslan; Liu, Huan"
NF8823T5,,EXPLICATE: enhancing phishing detection through explainable AI and LLM-powered interpretability,2025,"Lim, Bryan; Huerta, Roman; Sotelo, Alejandro; Quintela, Anthonie; Kumar, Priyanka"
75HWSCUH,,CyLens: towards reinventing cyber threat intelligence in the paradigm of agentic large language models,2025,"Liu, Xiaoqun; Liang, Jiacheng; Yan, Qiben; Jang, Jiyong; Mao, Sicheng; Ye, Muchao; Jia, Jinyuan; Xi, Zhaohan"
BSBC773U,,Unleashing the power of pre-trained encoders for universal adversarial attack detection,2025,"Zhang, Yinghe; Liu, Chi; Zhou, Shuai; Shen, Sheng; Gui, Peng"
5WGUTCM9,,Exposing the ghost in the transformer: abnormal detection for large language models via hidden state forensics,2025,"Zhou, Shide; Wang, Kailong; Shi, Ling; Wang, Haoyu"
7BPNF7KR,,CleanVul: automatic function-level vulnerability detection in code commits using LLM heuristics,2024,"Li, Yikun; Zhang, Ting; Widyasari, Ratnadira; Tun, Yan Naing; Nguyen, Huu Hung; Bui, Tan; Irsan, Ivana Clairine; Cheng, Yiran; Lan, Xiang; Ang, Han Wei; Liauw, Frank; Weyssow, Martin; Kang, Hong Jin; Ouh, Eng Lieh; Shar, Lwin Khin; Lo, David"
WHT7EAZM,,ThreatModeling-LLM: automating threat modeling using large language models for banking system,2024,"Wu, Tingmin; Yang, Shuiqiao; Liu, Shigang; Nguyen, David; Jang, Seung; Abuadbba, Alsharif"
A2QGHG86,,Enhanced LLM-based framework for predicting null pointer dereference in source code,2024,"Sultan, Md. Fahim; Karim, Tasmin; Shaon, Md. Shazzad Hossain; Wardat, Mohammad; Akter, Mst Shapna"
R2IGIS6M,,Detecting instruction fine-tuning attacks on language models using influence function,2025,"Li, Jiawei"
P4FZAW59,,Investigating cybersecurity incidents using large language models in latest-generation wireless networks,2025,"Legashev, Leonid; Zhigalov, Arthur"
U2C6WKAQ,,ControlNET: a firewall for RAG-based LLM system,2025,"Yao, Hongwei; Shi, Haoran; Chen, Yidou; Jiang, Yixin; Wang, Cong; Qin, Zhan"
M3HJFQKN,,LLM-assisted proactive threat intelligence for automated reasoning,2025,"Paul, Shuva; Alemi, Farhad; Macwan, Richard"
C45JI8T5,,TrafficLLM: enhancing large language models for network traffic analysis with generic traffic representation,2025,"Cui, Tianyu; Lin, Xinjie; Li, Sijia; Chen, Miao; Yin, Qilei; Li, Qi; Xu, Ke"
5V44CFH9,,GenXSS: an AI-driven framework for automated detection of XSS attacks in WAFs,2025,"Babaey, Vahid; Ravindran, Arun"
DPG2MSKF,,BotSim: LLM-powered malicious social botnet simulation,2024,"Qiao, Boyu; Li, Kun; Zhou, Wei; Li, Shilong; Lu, Qianqian; Hu, Songlin"
FDMJ253H,,BDefects4NN: a backdoor defect database for controlled localization studies in neural networks,2024,"Xiao, Yisong; Liu, Aishan; Zhang, Xinwei; Zhang, Tianyuan; Li, Tianlin; Liang, Siyuan; Liu, Xianglong; Liu, Yang; Tao, Dacheng"
BERIF2CV,,Proactive adversarial defense: harnessing prompt tuning in vision-language models to detect unseen backdoored images,2024,"Stein, Kyle; Mahyari, Andrew Arash; Francia, Guillermo; El-Sheikh, Eman"
DJP43PBI,,Unseen attack detection in software-defined networking using a BERT-based large language model,2024,"Swileh, Mohammed N.; Zhang, Shengli"
KSEQ4RWP,,Labeling NIDS rules with MITRE ATT&CK techniques: machine learning vs. Large language models,2024,"Daniel, Nir; Kaiser, Florian Klaus; Giladi, Shay; Sharabi, Sapir; Moyal, Raz; Shpolyansky, Shalev; Murillo, Andres; Elyashar, Aviad; Puzis, Rami"
6KW2756M,,U-GIFT: uncertainty-guided firewall for toxic speech in few-shot scenario,2025,"Song, Jiaxin; Wang, Xinyu; Wang, Yihao; Tang, Yifan; Zhang, Ru; Liu, Jianyi; Liu, Gongshen"
ANGS9ZKE,,BARTPredict: empowering IoT security with LLM-driven cyber threat prediction,2025,"Diaf, Alaeddine; Korba, Abdelaziz Amara; Karabadji, Nour Elislem; Ghamri-Doudane, Yacine"
4MFJ2U6X,,A unified framework for context-aware IoT management and state-of-the-art IoT traffic anomaly detection,2024,"Worae, Daniel Adu; Sheikh, Athar; Mastorakis, Spyridon"
8F5NQEEJ,,"Improving network threat detection by knowledge graph, large language model, and imbalanced learning",2025,"Zhang, Lili; Zhu, Quanyan; Ray, Herman; Xie, Ying"
D9AZM26V,,TORCHLIGHT: shedding LIGHT on real-world attacks on cloudless IoT devices concealed within the tor network,2025,"Pan, Yumingzhi; Ling, Zhen; Zhang, Yue; Wang, Hongze; Liu, Guangchi; Luo, Junzhou; Fu, Xinwen"
J557TF6S,,Advanced real-time fraud detection using RAG-based LLMs,2025,"Singh, Gurjot; Singh, Prabhjot; Singh, Maninder"
WQ8HPM77,,SpaLLM-guard: pairing SMS spam detection using open-source and commercial LLMs,2025,"Salman, Muhammad; Ikram, Muhammad; Basta, Nardine; Kaafar, Mohamed Ali"
4WJ3AHK3,,Aero-LLM: a distributed framework for secure UAV communication and intelligent decision-making,2025,"Dharmalingam, Balakrishnan; Mukherjee, Rajdeep; Piggott, Brett; Feng, Guohuan; Liu, Anyi"
QB4AV2NU,,SHIELD: APT detection and intelligent explanation using LLM,2025,"Gandhi, Parth Atulbhai; Wudali, Prasanna N.; Amaru, Yonatan; Elovici, Yuval; Shabtai, Asaf"
M2R7FZN4,,HateBench: benchmarking hate speech detectors on LLM-generated content and hate campaigns,2025,"Shen, Xinyue; Wu, Yixin; Qu, Yiting; Backes, Michael; Zannettou, Savvas; Zhang, Yang"
67HTIQ9J,,BounTCHA: a CAPTCHA utilizing boundary identification in guided generative AI-extended videos,2025,"Lin, Lehao; Wang, Ke; Abdallah, Maha; Cai, Wei"
XJCCZAQU,,Rule-ATT&CK mapper (RAM): mapping SIEM rules to TTPs using LLMs,2025,"Wudali, Prasanna N.; Kravchik, Moshe; Malul, Ehud; Gandhi, Parth A.; Elovici, Yuval; Shabtai, Asaf"
4AUPSBAW,,Enhancing phishing email identification with large language models,2025,"Lee, Catherine"
KEC7DX4R,,JBShield: defending large language models from jailbreak attacks through activated concept analysis and manipulation,2025,"Zhang, Shenyi; Zhai, Yuchen; Guo, Keyan; Hu, Hongxin; Guo, Shengnan; Fang, Zheng; Zhao, Lingchen; Shen, Chao; Wang, Cong; Wang, Qian"
U3A5P2FA,,DoLLM: how large language models understanding network flow data to detect carpet bombing DDoS,2024,"Li, Qingyang; Zhang, Yihang; Jia, Zhidong; Hu, Yannan; Zhang, Lei; Zhang, Jianrong; Xu, Yongming; Cui, Yong; Guo, Zongming; Zhang, Xinggong"
IX2R6FJM,,PLLM-CS: pre-trained large language model (LLM) for cyber threat detection in satellite networks,2024,"Hassanin, Mohammed; Keshk, Marwa; Salim, Sara; Alsubaie, Majid; Sharma, Dharmendra"
87WVF9IC,,ExplainableDetector: exploring transformer-based language modeling approach for SMS spam detection with explainability analysis,2024,"Uddin, Mohammad Amaz; Islam, Muhammad Nazrul; Maglaras, Leandros; Janicke, Helge; Sarker, Iqbal H."
BQMHHFF2,,LLMPot: dynamically configured LLM-based honeypot for industrial protocol and physical process emulation,2024,"Vasilatos, Christoforos; Mahboobeh, Dunia J.; Lamri, Hithem; Alam, Manaar; Maniatakos, Michail"
JMWRWWK6,10.1109/ACSACW65225.2024.00034,Fine-tuning large language models for DGA and DNS exfiltration detection,2024,"Sayed, Md Abu; Rahman, Asif; Kiekintveld, Christopher; Garcia, Sebastian"
TEDHR44N,10.1145/3671016.3671388,DFEPT: data flow embedding for enhancing pre-trained model based vulnerability detection,2024,"Jiang, Zhonghao; Sun, Weifeng; Gu, Xiaoyan; Wu, Jiaxin; Wen, Tao; Hu, Haibo; Yan, Meng"
PJRKIEX3,10.1109/EuroSPW67616.2025.00038,PILLAR: LINDDUN privacy threat modeling using LLMs,2025,"Mollaeefar, Majid; Bissoli, Andrea; Van Landuyt, Dimitri; Ranise, Silvio"
GPKFKMVG,10.1109/ACCESS.2025.3542036,DomainLynx: advancing LLM techniques for robust domain squatting detection,2025,"Chiba, Daiki; Nakano, Hiroki; Koide, Takashi"
FGF9VSD6,10.1609/aies.v7i1.31638,"MoJE: mixture of jailbreak experts, naive tabular classifiers as guard for prompt attacks",2024,"Cornacchia, Giandomenico; Zizzo, Giulio; Fraser, Kieran; Hameed, Muhammad Zaid; Rawat, Ambrish; Purcell, Mark"
WZTSNGDW,10.1109/WF-IoT62078.2024.10811456,An adaptive end-to-end IoT security framework using explainable AI and LLMs,2024,"Baral, Sudipto; Saha, Sajal; Haque, Anwar"
VMEX45KM,10.1109/CNS62487.2024.10735607,LLM honeypot: leveraging large language models as advanced interactive honeypot systems,2024,"Otal, Hakan T.; Canbaz, M. Abdullah"
UWXPDZ9Z,10.3390/computers14020067,Advancing cyber incident timeline analysis through retrieval-augmented generation and large language models,2025,"Loumachi, Fatma Yasmine; Ghanem, Mohamed Chahine; Ferrag, Mohamed Amine"
IZHQHK6A,10.1109/DCOSS-IoT61029.2024.00026,Beyond detection: leveraging large language models for cyber attack prediction in IoT networks,2024,"Diaf, Alaeddine; Korba, Abdelaziz Amara; Karabadji, Nour Elislem; Ghamri-Doudane, Yacine"
JJEVRNR3,10.1109/PAINE62042.2024.10792717,SPICED: syntactical bug and trojan pattern identification in a/MS circuits using LLM-enhanced detection,2024,"Chaudhuri, Jayeeta; Thapar, Dhruv; Chaudhuri, Arjun; Firouzi, Farshad; Chakrabarty, Krishnendu"
4JE396MU,10.1109/BDCAT63179.2024.00021,Towards explainable network intrusion detection using large language models,2024,"Houssel, Paul R. B.; Singh, Priyanka; Layeghy, Siamak; Portmann, Marius"
AEZ4ZPI3,10.18653/v1/2024.findings-emnlp.803,Cross-modality information check for detecting jailbreaking in multimodal large language models,2024,"Xu, Yue; Qi, Xiuyuan; Qin, Zhan; Wang, Wenjie"
Q27TK92F,10.1109/SC41406.2024.00098,Large language models for anomaly detection in computational workflows: from supervised fine-tuning to In-context learning,2024,"Jin, Hongwei; Papadimitriou, George; Raghavan, Krishnan; Zuk, Pawel; Balaprakash, Prasanna; Wang, Cong; Mandal, Anirban; Deelman, Ewa"
7ZIG2KGR,10.18653/v1/2024.emnlp-main.716,Defending against social engineering attacks in the age of LLMs,2024,"Ai, Lin; Kumarage, Tharindu; Bhattacharjee, Amrita; Liu, Zizhou; Hui, Zheng; Davinroy, Michael; Cook, James; Cassani, Laura; Trapeznikov, Kirill; Kirchner, Matthias; Basharat, Arslan; Hoogs, Anthony; Garland, Joshua; Liu, Huan; Hirschberg, Julia"
N9G3HNCP,10.1109/BDAI62182.2024.10692765,SecureNet: a comparative study of DeBERTa and large language models for phishing detection,2024,"Mahendru, Sakshi; Pandit, Tejul"
TS2ZB5R4,10.1109/MILCOM61039.2024.10773857,Transfer learning in pre-trained large language models for malware detection based on system calls,2024,"Sánchez, Pedro Miguel Sánchez; Celdrán, Alberto Huertas; Bovet, Gérôme; Pérez, Gregorio Martínez"
UATR5VRF,10.1109/COMPSAC61105.2024.00206,Distributed threat intelligence at the edge devices: a large language model-driven approach,2024,"Hasan, Syed Mhamudul; Alotaibi, Alaa M.; Talukder, Sajedul; Shahid, Abdur R."
4X5SM4M3,10.1109/ICDM59182.2024.00093,AnomalyLLM: few-shot anomaly edge detection for dynamic graphs using large language models,2024,"Liu, Shuo; Yao, Di; Fang, Lanting; Li, Zhetao; Li, Wenbin; Feng, Kaiyu; Ji, XiaoWen; Bi, Jingping"
Q2CRVKE5,10.1109/ICAIC60265.2024.10433839,CANAL - cyber activity news alerting language model : empirical approach vs. Expensive LLMs,2024,"Patel, Urjitkumar; Yeh, Fang-Chun; Gondhalekar, Chinmay"
CGJQUGC9,10.1109/ISDFS65363.2025.11012066,Scalable and ethical insider threat detection through data synthesis and analysis by LLMs,2025,"Gelman, Haywood; Hastings, John D."
SDAQJKMN,10.1145/3706599.3720263,"""It warned me just at the right moment"": exploring LLM-based real-time detection of phone scams",2025,"Shen, Zitong; Yan, Sineng; Zhang, Youqian; Luo, Xiapu; Ngai, Grace; Fu, Eugene Yujun"
ZBKWKSND,10.1109/ICAIC63015.2025.10848878,AdaPhish: AI-powered adaptive defense and education resource against deceptive emails,2025,"Meguro, Rei; Chong, Ng S. T."
ZM26HA2J,10.1109/MSR66628.2025.00099,LLMSecConfig: an LLM-based approach for fixing software container misconfigurations,2025,"Ye, Ziyang; Le, Triet Huynh Minh; Babar, M. Ali"
X27ZH7RV,10.1109/TCSS.2025.3623021,"Multilingual cyber threat detection in tweets/X using ML, DL, and LLM: a comparative analysis",2025,"Akbar Murad, Saydul; Dahal, Ashim; Rahimi, Nick"
IJM78IH7,10.1109/MIOT.2025.3575803,Synthetic user behavior sequence generation with large language models for smart homes,2025,"Xu, Zhiyao; Zhao, Dan; Zou, Qingsong; Xiao, Jingyu; Jiang, Yong; Yuan, Zhenhui; Li, Qing"
BRXED658,10.1109/CSR61664.2024.10679448,AI-based attacker models for enhancing multi-stage cyberattack simulations in smart grids using Co-simulation environments,2024,"Sen, Ömer; Pohl, Christoph; Hacker, Immanuel; Stroot, Markus; Ulbig, Andreas"
VDC7MPUV,10.1109/BigData62323.2024.10825018,Next-generation phishing: how LLM agents empower cyber attackers,2024,"Afane, Khalifa; Wei, Wenqi; Mao, Ying; Farooq, Junaid; Chen, Juntao"
9IIEV76T,10.1145/3722565.3727196,AttackLLM: LLM-based attack pattern generation for an industrial control system,2025,"Ahmed, Chuadhry Mujeeb"
VHBVFEW3,10.1109/CVPR52734.2025.01934,STING-BEE: towards vision-language model for real-world X-ray baggage security inspection,2025,"Velayudhan, Divya; Ahmed, Abdelfatah; Alansari, Mohamad; Gour, Neha; Behouch, Abderaouf; Hassan, Taimur; Wasim, Syed Talal; Maalej, Nabil; Naseer, Muzammal; Gall, Juergen; Bennamoun, Mohammed; Damiani, Ernesto; Werghi, Naoufel"
92DCM7MC,10.1109/ICCWorkshops67674.2025.11162166,Integrated LLM-based intrusion detection with secure slicing xApp for securing O-RAN-enabled wireless network deployments,2025,"Moore, Joshua; Abdalla, Aly Sabri; Khanal, Prabesh; Marojevic, Vuk"
JJB7MBX2,10.1145/3696630.3728525,Drop the golden apples: identifying third-party reuse by DB-less software composition analysis,2025,"Zhang, Lyuye; Liu, Chengwei; Wu, Jiahui; Zhang, Shiyang; Liu, Chengyue; Xu, Zhengzi; Chen, Sen; Liu, Yang"
KC89JEUH,10.1109/ISDFS65363.2025.11012014,Debate-driven multi-agent LLMs for phishing email detection,2025,"Vy Nguyen, Ngoc Tuong; Childress, Felix D; Yin, Yunting"
BWX2BMQT,10.1016/j.jisa.2025.104162,DroidTTP: mapping android applications with TTP for cyber threat intelligence,2025,"Arikkat, Dincy R; P., Vinod; A., Rafidha Rehiman K.; Nicolazzo, Serena; Arazzi, Marco; Nocera, Antonino; Conti, Mauro"
III4JCUS,10.1109/CVPR52734.2025.00400,Forensics-bench: a comprehensive forgery detection benchmark suite for large vision language models,2025,"Wang, Jin; Lv, Chenghui; Li, Xian; Dong, Shichao; Li, Huadong; Yao, Kelu; Li, Chao; Shao, Wenqi; Luo, Ping"
BAPJZTME,10.1109/ICDSCNC62492.2024.10939862,Enforcing web security constraints for LLM-driven robot agents for online transactions,2024,"Shah, Shraddha Pradipbhai; Deshpande, Aditya Vilas"
RWRRW6QC,10.1007/978-981-96-8298-0_26,Adapting large language models for parameter-efficient log anomaly detection,2025,"Lim, Ying Fu; Zhu, Jiawen; Pang, Guansong"
9AXM3BEN,10.1109/SATC65530.2025.11137104,Enhancing cybersecurity in critical infrastructure with LLM-assisted explainable IoT systems,2025,"Ghimire, Ashutosh; Ghajari, Ghazal; Gurung, Karma; Sah, Love K.; Amsaad, Fathi"
EWW62EA2,10.2139/ssrn.5397852,OMNISEC: LLM-driven provenance-based intrusion detection via retrieval-augmented behavior prompting,2025,"Cheng, Wenrui; Zhu, Tiantian; Jing, Shunan; Mei, Jian-Ping; Ma, Mingjun; Jin, Jiaobo; Weng, Zhengqiu"
QEIWN94N,10.21203/rs.3.rs-6372131/v1,Guardians of the agentic system: preventing many shots jailbreak with agentic system,2025,"Barua, Saikat; Rahman, Mostafizur; Sadek, Md Jafor; Islam, Rafiul; Khaled, Shehenaz; Kabir, Ahmedul"
JFQ5MIMR,10.1109/SPW67851.2025.00017,LAMD: context-driven android malware detection and classification with LLMs,2025,"Qian, Xingzhi; Zheng, Xinran; He, Yiling; Yang, Shuo; Cavallaro, Lorenzo"
3AW7R739,10.18653/v1/2025.acl-long.359,G-safeguard: a topology-guided security lens and treatment on LLM-based multi-agent systems,2025,"Wang, Shilong; Zhang, Guibin; Yu, Miao; Wan, Guancheng; Meng, Fanci; Guo, Chongye; Wang, Kun; Wang, Yang"
9PNBBKZN,10.1109/ISDFS65363.2025.11011912,APT-LLM: embedding-based anomaly detection of cyber advanced persistent threats using large language models,2025,"Benabderrahmane, Sidahmed; Valtchev, Petko; Cheney, James; Rahwan, Talal"
K3AI76D4,10.1109/SNPD65828.2025.11254228,Hybrid LLM-enhanced intrusion detection for zero-day threats in IoT networks,2025,"Al-Hammouri, Mohammad F.; Otoum, Yazan; Atwa, Rasha; Nayak, Amiya"
86BRKDDJ,10.1016/j.future.2025.108186,CyberRAG: an agentic RAG cyber attack classification and reporting tool,2026,"Blefari, Francesco; Cosentino, Cristian; Pironti, Francesco Aurelio; Furfaro, Angelo; Marozzo, Fabrizio"
GG634F5A,10.18653/v1/2025.nlp4pi-1.7,Adaptive linguistic prompting (ALP) enhances phishing webpage detection in multimodal large language models,2025,"Bhargude, Atharva; Gonehal, Ishan; Yoon, Dave; Brien, Sean O; Vinnakota, Kaustubh; Haney, Chandler; Sandoval, Aaron; Zhu, Kevin"
AG33AK8A,10.1109/MWC.2025.3620258,"Generative AI for vulnerability detection in 6G wireless networks: advances, case study, and future directions",2025,"Yang, Shuo; Zheng, Xinran; Xu, Jinfeng; Li, Jinze; Song, Danyang; Chen, Zheyu; Ngai, Edith C. H."
VE2HAM6V,10.1145/3719027.3744871,JsDeObsBench: measuring and benchmarking LLMs for JavaScript deobfuscation,2025,"Chen, Guoqiang; Jin, Xin; Lin, Zhiqiang"
C5TQZ6KA,10.1109/DSN64029.2025.00033,PhishingHook: catching phishing ethereum smart contracts leveraging EVM opcodes,2025,"De Rosa, Pasquale; Queyrut, Simon; Bromberg, Yérom-David; Felber, Pascal; Schiavoni, Valerio"
UDP2R36C,10.1145/3719027.3744829,Analyzing PDFs like binaries: adversarially robust PDF malware analysis via intermediate representation and language model,2025,"Liu, Side; Ming, Jiang; Zhou, Guodong; Liu, Xinyi; Fu, Jianming; Peng, Guojun"
VIJKD8CN,10.1109/CSR64739.2025.11130105,LLM-powered intent-based categorization of phishing emails,2025,"Eilertsen, Even; Mavroeidis, Vasileios; Grov, Gudmund"
F9JT4AFB,10.1145/3744756,Detecting hard-coded credentials in software repositories via LLMs,2025,"Biringa, Chidera; Kul, Gokhan"
C45XQX4D,10.1109/CVPRW67362.2025.00382,SmartHome-bench: a comprehensive benchmark for video anomaly detection in smart homes using multi-modal large language models,2025,"Zhao, Xinyi; Zhang, Congjing; Guo, Pei; Li, Wei; Chen, Lin; Zhao, Chaoyue; Huang, Shuai"
44RDE9EN,10.1109/ISCTIS65944.2025.11065176,Anomaly detection and early warning mechanism for intelligent monitoring systems in multi-cloud environments based on LLM,2025,"Jin, Yihong; Yang, Ze; Liu, Juntian; Xu, Xinhe"
ZDJQ2SU8,10.1007/978-3-032-00630-1_5,A multi-dataset evaluation of models for automated vulnerability repair,2025,"Khan, Zanis Ali; Garg, Aayush; Tang, Qiang"
263Z6QMB,10.1109/ACCESS.2025.3603580,A large language model-supported threat modeling framework for transportation cyber-physical systems,2025,"Salek, M Sabbir; Chowdhury, Mashrur; Munir, Muhaimin Bin; Cai, Yuchen; Hasan, Mohammad Imtiaz; Tine, Jean-Michel; Khan, Latifur; Rahman, Mizanur"
CUVC2MKI,10.18293/SEKE2025-018,GUARD: dual-agent based backdoor defense on chain-of-thought in neural code generation,2025,"Jin, Naizhu; Li, Zhong; Zhang, Tian; Zeng, Qingkai"
FA9UQ5EG,10.1109/JIOT.2025.3642164,RRTL: red teaming reasoning large language models in tool learning,2025,"Liu, Yifei; Cui, Yu; Zhang, Haibin"
FKVDTKWT,,Are large language models good at detecting propaganda?,2024,"Jose, Julia; Greenstadt, Rachel"
H7FP5D3Q,10.1109/Cyber-AI66431.2025.11233715,On technique identification and threat-actor attribution using LLMs and embedding models,2025,"Guru, Kyla; Moss, Robert J.; Kochenderfer, Mykel J."
2V8HXCCN,10.1109/JIOT.2025.3577675,Large language model-driven security assistant for internet of things via chain-of-thought,2025,"Zeng, Mingfei; Xie, Ming; Zheng, Xixi; Li, Chunhai; Zhang, Chuan; Zhu, Liehuang"
6SPEHDCU,10.1145/3701716.3715469,Towards effective identification of attack techniques in cyber threat intelligence reports using large language models,2025,"Cuong Nguyen, Hoang; Tariq, Shahroz; Baruwal Chhetri, Mohan; Quoc Vo, Bao"
T2ZPRXUH,10.1109/SPW67851.2025.00036,A rusty link in the AI supply chain: detecting evil configurations in model repositories,2025,"Ding, Ziqi; Fu, Qian; Ding, Junchen; Deng, Gelei; Liu, Yi; Li, Yuekang"
FVF4N28T,10.1145/3733965.3733969,Leveraging LLM to strengthen ML-based cross-site scripting detection,2025,"Miczek, Dennis; Gabbireddy, Divyesh; Saha, Suman"
2F5DQ99F,10.1109/CISCE65916.2025.11065413,Research on cloud platform network traffic monitoring and anomaly detection system based on large language models,2025,"Yang, Ze; Jin, Yihong; Liu, Juntian; Xu, Xinhe; Zhang, Yihan; Ji, Shuyang"
TZNCNVXT,10.2139/ssrn.5202514,"""Digital camouflage"": the LLVM challenge in LLM-based malware detection",2025,"Böke, Ekin; Torka, Simon"
ZEAQFEQ8,10.1145/3719027.3765085,A decade-long landscape of advanced persistent threats: longitudinal analysis and global trends,2025,"Yuldoshkhujaev, Shakhzod; Jeon, Mijin; Kim, Doowon; Nikiforakis, Nick; Koo, Hyungjoon"
G37UND2E,10.1109/LCN65610.2025.11146357,Towards trustworthy agentic IoEV: AI agents for explainable cyberthreat mitigation and state analytics,2025,"Dif, Meryem Malak; Bouchiha, Mouhamed Amine; Korba, Abdelaziz Amara; Ghamri-Doudane, Yacine"
KGUQTW89,10.18653/v1/2025.emnlp-main.358,EverTracer: hunting stolen large language models via stealthy and robust probabilistic fingerprint,2025,"Xu, Zhenhua; Han, Meng; Xing, Wenpeng"
HQU7PPQI,10.18653/v1/2025.findings-emnlp.257,FakeSV-VLM: taming VLM for detecting fake short-video news via progressive mixture-of-experts adapter,2025,"Wang, Junxi; Wang, Yaxiong; Cheng, Lechao; Zhong, Zhun"
N29K8CJ5,10.18653/v1/2025.emnlp-main.70,Learning from few samples: a novel approach for high-quality malcode generation,2025,"Ma, Haijian; Liu, Daizong; Cai, Xiaowen; Zhou, Pan; Xie, Yulai"
B5PSZBVG,10.1109/ICSME64153.2025.00076,MalLoc: toward fine-grained android malicious payload localization via LLMs,2025,"Sun, Tiezhu; Alecci, Marco; Pilgun, Aleksandr; Song, Yewei; Tang, Xunzhu; Samhi, Jordan; Bissyandé, Tegawendé F.; Klein, Jacques"
7IGWTFG9,10.18653/v1/2025.emnlp-main.53,IPIGuard: a novel tool dependency graph-based defense against indirect prompt injection in LLM agents,2025,"An, Hengyu; Zhang, Jinghuai; Du, Tianyu; Zhou, Chunyi; Li, Qingming; Lin, Tao; Ji, Shouling"
M7ADPTXG,10.1109/ACCESS.2025.3636184,Large language models for power system security: a novel multi-modal approach for anomaly detection in energy management systems,2025,"Zaboli, Aydin; Hong, Junho; Ştefanov, Alexandru; Liu, Chen-Ching; Hwang, Chul-Sang"
CPTW5ZE5,10.55248/gengpi.6.0825.2847,Secure and scalable blockchain voting: a comparative framework and the role of large language models,2025,"Kiashemshaki, Kiana; Chukwuani, Elvis Nnaemeka; Torkamani, Mohammad Jalili; Mahmoudi, Negin"
GFX3KR5W,10.32604/cmc.2025.068201,Proactive disentangled modeling of trigger–object pairings for backdoor defense,2025,"Stein, Kyle; Mahyari, Andrew A.; Francia Iii, Guillermo; El-Sheikh, Eman"
JCKWGNR7,10.1016/j.compeleceng.2025.110826,eX-NIDS: a framework for explainable network intrusion detection leveraging large language models,2026,"Houssel, Paul R.B.; Layeghy, Siamak; Singh, Priyanka; Portmann, Marius"
RGDQ7568,,PhishIntentionLLM: uncovering phishing website intentions through multi-agent retrieval-augmented generation,2025,"Li, Wenhao; Manickam, Selvakumar; Chong, Yung-wey; Karuppayah, Shankar"
8H9BZEFW,,PiMRef: detecting and explaining ever-evolving spear phishing emails with knowledge base invariants,2025,"Liu, Ruofan; Lin, Yun; Yu, Silas Yeo Shuen; Teoh, Xiwen; Liang, Zhenkai; Dong, Jin Song"
TKCEKZ4Q,,From alerts to intelligence: a novel LLM-aided framework for host-based intrusion detection,2025,"Sun, Danyu; Zhang, Jinghuai; Xu, Jiacen; Zheng, Yu; Tian, Yuan; Li, Zhou"
7AGWUVZ3,,REAL-IoT: characterizing GNN intrusion detection robustness under practical adversarial attack,2025,"Zhan, Zhonghao; Zhou, Huichi; Haddadi, Hamed"
GKWNWXQ3,,ExCyTIn-bench: evaluating LLM agents on cyber threat investigation,2025,"Wu, Yiran; Velazco, Mauricio; Zhao, Andrew; Luján, Manuel Raúl Meléndez; Movva, Srisuma; Roy, Yogesh K; Nguyen, Quang; Rodriguez, Roberto; Wu, Qingyun; Albada, Michael; Kiseleva, Julia; Mudgerikar, Anand"
346F2HVN,,ChatGPT: excellent paper! Accept it. Editor: imposter found! Review rejected,2025,"Gharami, Kanchon; Sarkar, Sanjiv Kumar; Liu, Yongxin; Moni, Shafika Showkat"
59TWVGZR,,Generation of programmatic rules for document forgery detection using large language models,2025,"Schmidberger, Valentin; Eberhardinger, Manuel; Maghsudi, Setareh; Maucher, Johannes"
MATFKQP3,,Automated red-teaming framework for large language model security assessment: a comprehensive attack generation and detection system,2025,"Wei, Zhang; Hu, Peilu; Lang, Shengning; Yan, Hao; Mei, Li; Zhang, Yichao; Yang, Chen; Hao, Junfeng; Han, Zhimo"
STJV7FI9,,Explainable and fine-grained safeguarding of LLM multi-agent systems via Bi-level graph anomaly detection,2025,"Pan, Junjun; Liu, Yixin; Miao, Rui; Ding, Kaize; Zheng, Yu; Nguyen, Quoc Viet Hung; Liew, Alan Wee-Chung; Pan, Shirui"
SGSC3AHM,,Rethinking jailbreak detection of large vision language models with representational contrastive scoring,2025,"Hua, Peichun; Li, Hao; Shi, Shanghao; Yu, Zhiyuan; Zhang, Ning"
N6I6I7N8,,"TriDF: evaluating perception, detection, and hallucination for interpretable DeepFake detection",2025,"Jiang-Lin, Jian-Yu; Huang, Kang-Yang; Zou, Ling; Lo, Ling; Yang, Sheng-Ping; Tseng, Yu-Wen; Lin, Kun-Hsiang; Chen, Chia-Ling; Ta, Yu-Ting; Wang, Yan-Tsung; Chen, Po-Ching; Xie, Hongxia; Shuai, Hong-Han; Cheng, Wen-Huang"
BC2D8JN6,,Phishing email detection using large language models,2025,"Hasan, Najmul; BusiReddyGari, Prashanth; Zhao, Haitao; Ren, Yihao; Xu, Jinsheng; Zhang, Shaohu"
73WRJSWV,,SCOUT: a defense against data poisoning attacks in fine-tuned language models,2025,"Afane, Mohamed; Satyam, Abhishek; Chen, Ke; Li, Tao; Farooq, Junaid; Chen, Juntao"
T5M7HMNP,,MINES: explainable anomaly detection through web API invariant inference,2025,"Zhang, Wenjie; Lin, Yun; Kwok, Chun Fung Amos; Teoh, Xiwen; Xie, Xiaofei; Liauw, Frank; Zhang, Hongyu; Dong, Jin Song"
QFWJ4TWE,,Patronus: identifying and mitigating transferable backdoors in pre-trained language models,2025,"Zhao, Tianhang; Du, Wei; Zhao, Haodong; Duan, Sufeng; Liu, Gongshen"
FHSMJZK7,,Securing the model context protocol: defending LLMs against tool poisoning and adversarial attacks,2025,"Jamshidi, Saeid; Nafi, Kawser Wazed; Dakhel, Arghavan Moradi; Shahabi, Negar; Khomh, Foutse; Ezzati-Jivan, Naser"
A6T5A2QR,,AgenticCyber: a GenAI-powered multi-agent system for multimodal threat detection and adaptive response in cybersecurity,2025,"Roy, Shovan"
XWCMNMDH,,ARGUS: defending against multimodal indirect prompt injection via steering instruction-following behavior,2025,"Lu, Weikai; Zeng, Ziqian; Zhang, Kehua; Li, Haoran; Zhuang, Huiping; Wang, Ruidong; Chen, Cen; Peng, Hao"
AFN5832P,,Beyond detection: a comprehensive benchmark and study on representation learning for fine-grained webshell family classification,2025,"Han, Feijiang"
5MWT2NRE,,Immunity memory-based jailbreak detection: multi-agent adaptive guard for large language models,2025,"Leng, Jun; Zhang, Litian; Zhang, Xi"
8NP9HCGF,,AGENTSAFE: a unified framework for ethical assurance and governance in agentic AI,2025,"Khan, Rafflesia; Joyce, Declan; Habiba, Mansura"
PR5AX6FK,,Bias injection attacks on RAG databases and sanitization defenses,2025,"Wu, Hao; Saxena, Prateek"
8SGUZWZ7,,TrojanLoC: LLM-based framework for RTL trojan localization,2025,"Xiao, Weihua; Wang, Zeng; Shao, Minghao; Hemadri, Raghu Vamshi; Sinanoglu, Ozgur; Shafique, Muhammad; Knechtel, Johann; Garg, Siddharth; Karri, Ramesh"
7328M34Z,,Constructing and benchmarking: a labeled email dataset for text-based phishing and spam detection framework,2025,"Toth, Rebeka; Bisztray, Tamas; Dubniczky, Richard"
2STS3I94,,Defending large language models against jailbreak exploits with responsible AI considerations,2025,"Wong, Ryan; Ng, Hosea David Yu Fei; Sharma, Dhananjai; Ng, Glenn Jun Jie; Srinivasan, Kavishvaran"
Q73H95CD,,Think fast: real-time IoT intrusion reasoning using IDS and LLMs at the edge gateway,2025,"Jamshidi, Saeid; Nikanjam, Amin; Shahabi, Negar; Nafi, Kawser Wazed; Khomh, Foutse; Keivanpour, Samira; Herrero, Rolando"
56DIJ6EI,,Sparse reasoning is enough: biological-inspired framework for video anomaly detection with large pre-trained models,2025,"Huang, He; Hu, Zixuan; Li, Dongxiao; Xiao, Yao; Duan, Ling-Yu"
5ZKG4JG3,,Hiding in the AI traffic: abusing MCP for LLM-powered agentic red teaming,2025,"Janjusevic, Strahinja; Garcia, Anna Baron; Kazerounian, Sohrob"
W9J7TFNB,,AquaSentinel: next-generation AI system integrating sensor networks for urban underground water pipeline anomaly detection via collaborative MoE-LLM agent architecture,2025,"Guo, Qiming; Khatri, Bishal; Sun, Wenbo; Tang, Jinwen; Zhang, Hua; Wang, Wenlu"
5JQBJW6I,,"Small language models for phishing website detection: cost, performance, and privacy trade-offs",2025,"Goldenits, Georg; Koenig, Philip; Raubitzek, Sebastian; Ekelhart, Andreas"
PTH3VFEJ,,Securing AI agents against prompt injection attacks,2025,"Ramakrishnan, Badrinath; Balaji, Akshaya"
EAKPIJKK,,Can MLLMs detect phishing? A comprehensive security benchmark suite focusing on dynamic threats and multimodal evaluation in academic environments,2025,"Zhou, Jingzhuo"
TP888DM8,,From topology to behavioral semantics: enhancing BGP security by understanding BGP's language with LLMs,2025,"Zhao, Heng; Wang, Ruoyu; Zheng, Tianhang; Li, Qi; Lv, Bo; Wang, Yuyi; Du, Wenliang"
83SFUQ6I,,MalRAG: a retrieval-augmented LLM framework for open-set malicious traffic identification,2025,"Luo, Xiang; Liu, Chang; Xiong, Gang; Yang, Chen; Gou, Gaopeng; Ren, Yaochen; Li, Zhen"
QWEBP3AZ,,LogPurge: log data purification for anomaly detection via rule-enhanced filtering,2025,"Zhang, Shenglin; Chen, Ziang; Que, Zijing; Liu, Yilun; Sun, Yongqian; Wei, Sicheng; Pei, Dan; Li, Hailin"
UK64MS7T,,AutoMalDesc: large-scale script analysis for cyber threat research,2025,"Apostu, Alexandru-Mihai; Preda, Andrei; Damir, Alexandra Daniela; Bolocan, Diana; Ionescu, Radu Tudor; Croitoru, Ioana; Gaman, Mihaela"
BG8BH59C,,Uncovering and aligning anomalous attention heads to defend against NLP backdoor attacks,2025,"Jin, Haotian; Li, Yang; Fan, Haihui; Shen, Lin; Li, Xiangfang; Li, Bo"
7D5HK9JI,,Privacy-preserving prompt injection detection for LLMs using federated learning and embedding-based NLP classification,2025,"Jayathilaka, Hasini"
C3FWFZK6,10.1145/3744916.3773198,"One signature, multiple payments: demystifying and detecting signature replay vulnerabilities in smart contracts",2025,"Wang, Zexu; Chen, Jiachi; Lin, Zewei; Chen, Wenqing; Ning, Kaiwen; Yu, Jianxing; Feng, Yuming; Zhang, Yu; Zhang, Weizhe; Zheng, Zibin"
KV9Q93SV,10.1007/978-3-032-07989-3_19,Actionable cybersecurity notifications for smart homes: a user study on the role of length and complexity,2026,"Jüttner, Victor; Löffler, Charlotte S.; Buchmann, Erik"
NZ6C2R8H,10.54941/ahfe1007047,Security logs to ATT&CK insights: leveraging LLMs for high-level threat understanding and cognitive trait inference,2025,"Hans, Soham; Marsella, Stacy; Hirschmann, Sophia; Gurney, Nikolos"
4E9SGTXU,10.1145/3746027.3758164,One size fits all? A modular adaptive sanitization kit (MASK) for customizable privacy-preserving phone scam detection,2025,"Wang, Kangzhong; Shen, Zitong; Zhang, Youqian; Cheung, Michael Mk; Luo, Xiapu; Ngai, Grace; Fu, Eugene Yujun"
5IBQZU9S,10.1145/3719027.3765219,OCR-APT: reconstructing APT stories from audit logs using subgraph anomaly detection and LLMs,2025,"Aly, Ahmed; Mansour, Essam; Youssef, Amr"
JXH4T8KD,10.1109/HSI61632.2024.10613528,Evaluating the efficacy of large language models in identifying phishing attempts,2024,"Patel, Het; Rehman, Umair; Iqbal, Farkhund"
7RKDSGJD,10.2139/ssrn.4785953,An explainable transformer-based model for phishing email detection: a large language model approach,2024,"Uddin, Mohammad Amaz; Mahiuddin, Md; Sarker, Iqbal H."
A2XPZ3EN,10.18653/v1/2024.acl-long.30,GradSafe: detecting jailbreak prompts for LLMs via safety-critical gradient analysis,2024,"Xie, Yueqi; Fang, Minghong; Pi, Renjie; Gong, Neil"
ZBDSPQRF,10.3390/analytics2030038,The use of a large language model for cyberbullying detection,2023,"Ogunleye, Bayode; Dharmaraj, Babitha"
8UQQIACX,10.1109/SP54263.2024.00181,Moderating new waves of online hate with chain-of-thought reasoning in large language models,2024,"Vishwamitra, Nishant; Guo, Keyan; Romit, Farhan Tajwar; Ondracek, Isabelle; Cheng, Long; Zhao, Ziming; Hu, Hongxin"
H6D3J4NC,10.18653/v1/2023.arabicnlp-1.58,Nexus at ArAIEval shared task: fine-tuning arabic language models for propaganda and disinformation detection,2023,"Xiao, Yunze; Alam, Firoj"
BJIFQJTN,10.21203/rs.3.rs-3608294/v1,"An improved transformer-based model for detecting phishing, spam, and ham: a large language model approach",2023,"Jamal, Suhaima; Wimmer, Hayden"
BGU2TJVH,10.1109/BigData59044.2023.10386543,LogGPT: log anomaly detection via GPT,2023,"Han, Xiao; Yuan, Shuhan; Trabelsi, Mohamed"
NIBX37BW,10.1109/ASE56229.2023.00199,REEF: a framework for collecting real-world vulnerabilities and fixes,2023,"Wang, Chaozheng; Li, Zongjie; Peng, Yun; Gao, Shuzheng; Chen, Sirong; Wang, Shuai; Gao, Cuiyun; Lyu, Michael R."
95SMP3AQ,10.1145/3611643.3613879,KDDT: knowledge distillation-empowered digital twin for anomaly detection,2023,"Xu, Qinghua; Ali, Shaukat; Yue, Tao; Nedim, Zaimovic; Singh, Inderjeet"
DUANZ742,10.1109/EuroSPW61312.2024.00054,LLM in the shell: generative honeypots,2024,"Sladić, Muris; Valeros, Veronica; Catania, Carlos; Garcia, Sebastian"
BTC69EJX,10.1145/3603163.3609064,The looming threat of fake and LLM-generated LinkedIn profiles: challenges and opportunities for detection and prevention,2023,"Ayoobi, Navid; Shahriar, Sadat; Mukherjee, Arjun"
Z8VIWW98,10.1145/3565477.3569152,Flow-based network intrusion detection based on BERT masked language model,2022,"Nguyen, Loc Gia; Watabe, Kohei"
QEWEEQ4B,10.1145/3579856.3590339,Masked language model based textual adversarial example detection,2023,"Zhang, Xiaomei; Zhang, Zhaoxi; Zhong, Qi; Zheng, Xufei; Zhang, Yanjun; Hu, Shengshan; Zhang, Leo Yu"
FTHTN3CU,10.1109/AICCSA56895.2022.10017800,CAN-BERT do it? Controller area network intrusion detection system based on BERT language model,2022,"Alkhatib, Natasha; Mushtaq, Maria; Ghauch, Hadi; Danger, Jean-Luc"
C3V7DVAX,10.1109/CloudIntelligence52565.2021.00013,Robust and transferable anomaly detection in log data using pre-trained language models,2021,"Ott, Harold; Bogatinovski, Jasmin; Acker, Alexander; Nedelkoski, Sasho; Kao, Odej"