key,title,decision,reason,criteria,timestamp
55Q4VJ93,SentinelNet: safeguarding multi-agent collaboration through credit-based dynamic threat detection,INCLUDE,SentinelNet: decentralized framework for proactively detecting and mitigating malicious behaviors in multi-agent systems.,"IC1,IC2",2026-01-12T11:52:36.945238
RAC9U7U6,Smart contract intent detection with pre-trained programming language model,INCLUDE,Smart contract intent detection using domain-adaptively pre-trained BERT models.,"IC1,IC2",2026-01-12T11:37:51.000127
J6R68X5R,Client-side zero-shot LLM inference for comprehensive In-browser URL analysis,INCLUDE,Uses local LLM for phishing/malicious URL detection.,"IC1,IC2",2026-01-12T11:03:14.263133
XFKBUUTP,BEAR: BGP event analysis and reporting,INCLUDE,Uses LLM for BGP anomaly analysis/explanation (Threat Detection support).,"IC1,IC2",2026-01-12T11:06:17.007535
M68WDV7V,SentinelAgent: graph-based anomaly detection in multi-agent systems,INCLUDE,Uses an LLM (SentinelAgent) for anomaly detection within Multi-Agent Systems.,"IC1,IC2",2026-01-12T11:03:12.609654
NQEDJ6TG,IRCopilot: automated incident response with large language models,INCLUDE,"Proposes LLM-based Incident Response framework (IRCopilot), integral to threat detection/remediation.",IC1,2026-01-12T11:00:45.269184
XXQ2H8IN,"JavaSith: a client-side framework for analyzing potentially malicious extensions in browsers, VS code, and NPM packages",INCLUDE,Uses LLM for malicious code detection in browser extensions (JavaSith).,"IC1,IC2",2026-01-12T11:00:46.173184
ZBMFH5WE,Benchmarking LLMs in an embodied environment for blue team threat hunting,INCLUDE,Primary study proposing CYBERTEAM benchmark for LLM-based threat hunting.,"IC1,IC2",2026-01-12T10:58:00.828939
BIVFMCUP,ChestyBot: detecting and disrupting chinese communist party influence stratagems,INCLUDE,Primary tool proposal (ChestyBot) using language models for influence operation detection.,"IC1,IC2",2026-01-12T10:55:26.148728
S2F8HZIJ,RuleGenie: SIEM detection rule set optimization,INCLUDE,"LLM used for SIEM rule optimization, a critical threat detection support task.","IC1,IC2",2026-01-12T10:58:02.913224
RFSHFEGN,AI-driven IRM: transforming insider risk management with adaptive scoring and LLM-based threat detection,INCLUDE,Title claims 'LLM-based threat detection'. Abstract ambiguous but warrants full-text check.,IC1,2026-01-12T10:58:01.979210
DMZAGJZJ,Detection method for prompt injection by integrating pre-trained model and heuristic feature engineering,INCLUDE,Uses an LLM to detect Prompt Injection attacks.,"IC1,IC2",2026-01-12T11:11:41.685015
6PQDDH55,A unified framework for human AI collaboration in security operations centers with trusted autonomy,INCLUDE,LLM used as SOC assistant for threat detection/triage.,"IC1,IC2",2026-01-12T11:11:38.420510
AI6CWI6U,MultiPhishGuard: an LLM-based multi-agent system for phishing email detection,INCLUDE,Explicit LLM-based phishing detection.,"IC1,IC2",2026-01-12T11:11:37.479862
5T8PH7VC,VAU-R1: advancing video anomaly understanding via reinforcement fine-tuning,INCLUDE,MLLM used for video anomaly detection.,"IC1,IC2",2026-01-12T11:11:39.500679
4CCGW23W,Leveraging large language models for command injection vulnerability analysis in python: an empirical study on popular open-source projects,INCLUDE,Uses LLM for vulnerability detection (Command Injection).,"IC1,IC2",2026-01-12T11:06:22.664402
HU8M78S2,LLM-BSCVM: an LLM-based blockchain smart contract vulnerability management framework,INCLUDE,LLM used for vulnerability detection in smart contracts.,"IC1,IC2",2026-01-12T11:11:35.664547
FD3TP6ES,Holmes: automated fact check with large language models,INCLUDE,Disinformation is a valid cyber/information security threat; uses LLM for detection.,"IC1,IC2",2026-01-12T11:06:19.994230
ZB84THD8,ACSE-eval: can LLMs threat model real-world cloud infrastructure?,INCLUDE,Evaluates LLM capability in threat identification/modeling for Cloud.,"IC1,IC2",2026-01-12T11:06:21.049165
HHW3IIKJ,LLM-based threat detection and prevention framework for IoT ecosystems,INCLUDE,Explicitly proposes LLM-based anomaly detection for IoT.,"IC1,IC2",2026-01-12T11:06:18.503154
TU8EF3UF,PROVSYN: synthesizing provenance graphs for data augmentation in intrusion detection systems,INCLUDE,Uses LLM for Data Augmentation in IDS.,"IC1,IC2",2026-01-12T11:11:42.858195
T5VIQUC5,AIGI-holmes: towards explainable and generalizable AI-generated image detection via multimodal large language models,INCLUDE,Uses MLLM to detect AI-generated Images (Deepfakes).,"IC1,IC2",2026-01-12T11:11:49.924085
EFGKXWSC,SV-LLM: an agentic approach for SoC security verification using large language models,INCLUDE,Uses LLM agents for SoC vulnerability detection.,"IC1,IC2",2026-01-12T11:11:50.785355
IFU6PGD4,PhishDebate: an LLM-based multi-agent framework for phishing website detection,INCLUDE,Explicit LLM-based phishing detection.,"IC1,IC2",2026-01-12T11:11:46.725956
9QBJ549Z,LLMs on support of privacy and security of mobile apps: state of the art and research directions,INCLUDE,Approach to detect sensitive data leakage using LLMs.,"IC1,IC2",2026-01-12T11:11:48.069726
JI36WVKN,Semantic-aware parsing for security logs,INCLUDE,Uses LLM for Log Parsing (Pre-processing for detection).,"IC1,IC2",2026-01-12T11:11:48.896775
E5U5234M,LLM embedding-based attribution (LEA): quantifying source contributions to generative model's response for vulnerability analysis,INCLUDE,Analyzes LLM output for vulnerability exploitation analysis.,"IC1,IC2",2026-01-12T11:11:44.387655
NQ6EBXMK,Revealing the true indicators: understanding and improving IoC extraction from threat reports,INCLUDE,Uses LLM for CTI/IoC extraction.,"IC1,IC2",2026-01-12T11:11:45.753530
SAIM9X9J,Who's the mole? Modeling and detecting intention-hiding malicious agents in LLM-based multi-agent systems,INCLUDE,Detecting malicious agents (Internal Threat) in MAS.,"IC1,IC2",2026-01-12T11:14:58.634264
HZRUHI79,Evaluating language models for threat detection in IoT security logs,INCLUDE,Explicit LLM-based threat detection in IoT logs.,"IC1,IC2",2026-01-12T11:15:01.495978
WNU8C9Z6,Enhancing android malware detection with retrieval-augmented generation,INCLUDE,Uses LLM + RAG for Android Malware Detection.,"IC1,IC2",2026-01-12T11:14:57.891700
7GSSZBFN,Enhancing security in LLM applications: a performance evaluation of early detection systems,INCLUDE,Evaluates detection systems (likely using LLM/BERT) for Prompt Injection.,"IC1,IC2",2026-01-12T11:14:55.490290
WXC89KWZ,KnowML: improving generalization of ML-NIDS with attack knowledge graphs,INCLUDE,Uses LLM to analyze attacks and improve NIDS.,"IC1,IC2",2026-01-12T11:14:56.426074
9EAW6CHT,mTSBench: benchmarking multivariate time series anomaly detection and model selection at scale,INCLUDE,Benchmark explicitly including LLM-based detectors for anomaly detection.,"IC1,IC2",2026-01-12T11:14:59.785303
KR3XQPIM,"Evaluating large language models for phishing detection, self-consistency, faithfulness, and explainability",INCLUDE,Explicit LLM-based phishing detection.,"IC1,IC2",2026-01-12T11:14:51.998299
E5HS942E,MM-AttacKG: a multimodal approach to attack graph construction with large language models,INCLUDE,Uses MLLM for Attack Graph construction (Threat Analysis/Detection support).,"IC1,IC2",2026-01-12T11:14:52.954998
PCGVA83W,"Explain first, trust later: LLM-augmented explanations for graph-based crypto anomaly detection",INCLUDE,LLM-augmented Crypto Anomaly Detection.,"IC1,IC2",2026-01-12T11:14:54.337141
XIC3HVD4,MalGEN: a generative agent framework for modeling malicious software in cybersecurity,INCLUDE,Uses LLM agents to generate malware for defense testing (Proactive Defense).,"IC1,IC2",2026-01-12T11:14:50.336979
8M2TE2JT,Expert-in-the-loop systems with cross-domain and In-domain few-shot learning for software vulnerability detection,INCLUDE,Explicit LLM-based vulnerability detection.,"IC1,IC2",2026-01-12T11:14:51.198977
746MUH9Q,ShieldLearner: a new paradigm for jailbreak attack defense in LLMs,INCLUDE,Uses learning paradigm to detect jailbreak threats.,"IC1,IC2",2026-01-12T11:15:02.678564
43D9IF39,Beyond trusting trust: multi-model validation for robust code generation,INCLUDE,Detecting anomalous code using multi-model validation.,"IC1,IC2",2026-01-12T11:17:32.005806
DJ5CBQEI,Automated attack testflow extraction from cyber threat report using BERT for contextual analysis,INCLUDE,Uses BERT (LLM) for CTI/Attack Flow extraction.,"IC1,IC2",2026-01-12T11:15:04.002360
IEUST5PA,Modification and generated-text detection: achieving dual detection capabilities for the outputs of LLM by watermark,INCLUDE,Uses LLM context/techniques for detecting text modifications/generated text.,"IC1,IC2",2026-01-12T11:17:29.293278
E597T3S7,Follow the rules: reasoning for video anomaly detection with large language models,INCLUDE,Explicit LLM-based Video Anomaly Detection.,"IC1,IC2",2026-01-12T11:17:34.542699
TGHETIV7,Chain-of-scrutiny: detecting backdoor attacks for large language models,INCLUDE,Using LLMs reasoning to detect backdoor attacks.,"IC1,IC2",2026-01-12T11:17:33.493291
N3XMUGXZ,"Exploring LLMs for malware detection: review, framework design, and countermeasure approaches",INCLUDE,Framework for Malware Detection using LLMs.,"IC1,IC2",2026-01-12T11:20:37.421344
XMJ3AWZD,Ethereum fraud detection via joint transaction language model and graph representation learning,INCLUDE,Explicit LLM-based fraud detection.,"IC1,IC2",2026-01-12T11:20:42.197439
D5UB52EC,Audit-LLM: multi-agent collaboration for log-based insider threat detection,INCLUDE,Explicit LLM-based Insider Threat Detection.,"IC1,IC2",2026-01-12T11:17:43.876501
UGJ9C2KH,CTISum: a new benchmark dataset for cyber threat intelligence summarization,INCLUDE,Dataset for CTI Summarization (Threat Analysis support).,"IC1,IC2",2026-01-12T11:17:44.666998
WMJBUSD8,KGV: integrating large language models with knowledge graphs for cyber threat intelligence credibility assessment,INCLUDE,CTI Credibility Assessment (Threat Detection support).,"IC1,IC2",2026-01-12T11:20:39.156510
DCWV2KWM,PhishAgent: a robust multimodal agent for phishing webpage detection,INCLUDE,Explicit LLM-based phishing detection.,"IC1,IC2",2026-01-12T11:20:40.191312
UJT4RMV9,HSF: defending against jailbreak attacks with hidden state filtering,INCLUDE,Uses LLM Hidden States to detect adversarial/jailbreak inputs.,"IC1,IC2",2026-01-12T11:20:41.162054
TEJ9EMD7,From ML to LLM: evaluating the robustness of phishing webpage detection models against adversarial attacks,INCLUDE,Evaluates MLLM-based phishing detector.,"IC1,IC2",2026-01-12T11:17:45.563071
HCWXPKZ4,A lean transformer model for dynamic malware analysis and detection,INCLUDE,Uses Transformer (LLM architecture) for malware detection.,"IC1,IC2",2026-01-12T11:17:46.832877
BSMAUPXM,"PhishLang: a real-time, fully client-side phishing detection framework using MobileBERT",INCLUDE,Uses MobileBERT for Phishing detection.,"IC1,IC2",2026-01-12T11:17:47.790232
FXXR8988,Fake news detection and manipulation reasoning via large vision-language models,INCLUDE,Uses LVLM for Fake News (Disinformation) detection.,"IC1,IC2",2026-01-12T11:17:41.444573
6CH8SI5K,Static detection of filesystem vulnerabilities in android systems,INCLUDE,Uses LLM for Vulnerability Detection (validation/exploit generation).,"IC1,IC2",2026-01-12T11:17:42.614055
FBZ267KJ,Defending large language models against attacks with residual stream activation analysis,INCLUDE,Uses LLM internals to classify attack prompts.,"IC1,IC2",2026-01-12T11:17:36.149625
Z2DNB2DN,A novel generative AI-based framework for anomaly detection in multicast messages in smart grid communications,INCLUDE,Explicit LLM-based Anomaly Detection in Smart Grid.,"IC1,IC2",2026-01-12T11:17:37.697572
UGMNFXA7,DomURLs_BERT: pre-trained BERT-based model for malicious domains and URLs detection and classification,INCLUDE,Explicit BERT (LLM) based malicious domain detection.,"IC1,IC2",2026-01-12T11:20:52.130276
AJIXZPI5,ANVIL: anomaly-based vulnerability identification without labelled training data,INCLUDE,Explicit LLM-based Vulnerability Detection.,"IC1,IC2",2026-01-12T11:20:50.676117
NEVQJ9XK,Towards automatic hands-on-keyboard attack detection using LLMs in EDR solutions,INCLUDE,Explicit LLM-based HOK attack detection.,"IC1,IC2",2026-01-12T11:20:45.537524
B3V992HH,PenHeal: a two-stage LLM framework for automated pentesting and optimal remediation,INCLUDE,Automated Pentesting (Vulnerability Detection) using LLMs.,"IC1,IC2",2026-01-12T11:20:46.470987
MXT32JJ7,Is the digital forensics and incident response pipeline ready for text-based threats in LLM era?,INCLUDE,Detection/attribution of LLM-generated text (Threat Detection).,"IC1,IC2",2026-01-12T11:20:48.098487
HMAQA7RX,MistralBSM: leveraging mistral-7B for vehicular networks misbehavior detection,INCLUDE,Explicit LLM-based Misbehavior Detection in Vehicular Networks.,"IC1,IC2",2026-01-12T11:20:49.336305
ARUFE797,LLMCloudHunter: harnessing LLMs for automated extraction of detection rules from cloud-based CTI,INCLUDE,Uses LLM to extract detection rules (Detection Engineering).,"IC1,IC2",2026-01-12T11:20:43.691809
GDIUX8BS,PEEK: phishing evolution framework for phishing generation and evolving pattern analysis using large language models,INCLUDE,Uses LLMs to generate phishing for training detectors.,"IC1,IC2",2026-01-12T11:23:49.689805
Z9HCE7SB,LLM app squatting and cloning,INCLUDE,Uses BERT to detect app cloning/squatting.,"IC1,IC2",2026-01-12T11:23:51.695257
PD3P67H9,MultiKG: multi-source threat intelligence aggregation for high-quality knowledge graph representation of attack techniques,INCLUDE,Uses LLM for Attack Graph construction (Threat Analysis support).,"IC1,IC2",2026-01-12T11:23:52.911899
ZB5TVUZ4,Continuous GNN-based anomaly detection on edge using efficient adaptive knowledge graph learning,INCLUDE,Uses LLM to derive Knowledge Graph for Anomaly Detection (VAD).,"IC1,IC2",2026-01-12T11:23:54.162805
K9IIDQTZ,Secret breach prevention in software issue reports,INCLUDE,Uses LLM to detect leaked secrets (Threat Detection).,"IC1,IC2",2026-01-12T11:20:58.645736
IGCMHNIR,Palisade -- prompt injection detection framework,INCLUDE,Uses companion LLM to detect Prompt Injection attacks.,"IC1,IC2",2026-01-12T11:23:46.955901
QKE76NRU,Embedding-based classifiers can detect prompt injection attacks,INCLUDE,Uses LLM Embeddings to detect Prompt Injection.,"IC1,IC2",2026-01-12T11:23:47.868214
NZQPPCHG,InjecGuard: benchmarking and mitigating over-defense in prompt injection guardrail models,INCLUDE,Proposes a prompt guard model (Detector) for Prompt Injection.,"IC1,IC2",2026-01-12T11:23:48.813799
U68QBKVK,BlockScan: detecting anomalies in blockchain transactions,INCLUDE,Transformer (LLM architecture) for Blockchain Anomaly Detection.,"IC1,IC2",2026-01-12T11:20:55.824925
2NCF5QD7,Data-centric NLP backdoor defense from the lens of memorization,INCLUDE,Detection of Backdoor Triggers in NLP models.,"IC1,IC2",2026-01-12T11:20:53.083314
UU7HWP9B,IntelliRadar: a comprehensive platform to pinpoint malicious package information from cyber intelligence,INCLUDE,Uses LLM for Malicious Package Intelligence gathering.,"IC1,IC2",2026-01-12T11:20:54.786534
R8ZAUXDE,Take package as language: anomaly detection using transformer,INCLUDE,Proposes NIDS-GPT for network intrusion detection.,"IC1,IC2",2026-01-12T11:32:36.677089
FK2T72R3,INVARLLM: LLM-assisted physical invariant extraction for cyber-physical systems anomaly detection,INCLUDE,Uses LLMs to extract invariants for CPS anomaly detection.,"IC1,IC2",2026-01-12T11:32:37.694284
RBMERP5K,TIPS: threat actor informed prioritization of applications using SecEncoder,INCLUDE,Proposes SecEncoder (specialized LLM) to detect/prioritize compromised applications.,"IC1,IC2",2026-01-12T11:32:38.724587
RDB6KV5E,FATH: authentication-based test-time defense against indirect prompt injection attacks,INCLUDE,Proposes a novel defense/detection system (FATH) against indirect prompt injection.,"IC1,IC2",2026-01-12T11:32:35.085099
AW6V24A8,LLMs for domain generation algorithm detection,INCLUDE,Analyzes/proposes LLMs for DGA detection (malware communication detection).,"IC1,IC2",2026-01-12T11:32:35.859402
C9E99PIC,Enhancing pre-trained language models for vulnerability detection via semantic-preserving data augmentation,INCLUDE,Enhancing LLM-based Vulnerability Detection.,"IC1,IC2",2026-01-12T11:23:56.808684
S7PXRPES,Can LLMs be scammed? A baseline measurement study,INCLUDE,Evaluates LLM capability for Scam Detection.,"IC1,IC2",2026-01-12T11:23:59.203059
2GVVFZJ3,Combating phone scams with LLM-based detection: where do we stand?,INCLUDE,Explicit LLM-based Phone Scam Detection.,"IC1,IC2",2026-01-12T11:23:55.810916
H99A2ZSN,Robust anomaly detection in O-RAN: leveraging LLMs against data manipulation attacks,INCLUDE,Investigates LLMs for anomaly detection in O-RAN against adversarial manipulation.,"IC1,IC2",2026-01-12T11:32:41.829992
QJ5SK5PR,"When AIOps become ""AI oops"": subverting LLM-driven IT operations via telemetry manipulation",INCLUDE,Performs security analysis of AIOps and proposes AIOpsShield (defense/detection).,"IC1,IC2",2026-01-12T11:32:41.003839
Z3FTJSCE,LeakSealer: a semisupervised defense for LLMs against prompt injection and leakage attacks,INCLUDE,Proposes LeakSealer for jailbreak/PII leakage detection.,"IC1,IC2",2026-01-12T11:32:39.457351
IRPI2TAZ,FALCON: autonomous cyber threat intelligence mining with LLMs for IDS rule generation,INCLUDE,FALCON: Autonomous agentic framework for IDS rule generation from CTI mining.,"IC1,IC2",2026-01-12T11:35:01.853174
WU6PT4AQ,Per-sender neural network classifiers for email authorship validation,INCLUDE,Neural network classifiers for email authorship validation (defense against phishing/BEC).,"IC1,IC2",2026-01-12T11:34:54.261362
KASWRKF3,"Enhancing GraphQL security by detecting malicious queries using large language models, sentence transformers, and convolutional neural networks",INCLUDE,Detecting malicious GraphQL queries using LLMs and transformers.,"IC1,IC2",2026-01-12T11:34:55.086246
SZQ73KNU,MCP-guard: a defense framework for model context protocol integrity in large language model applications,INCLUDE,MCP-Guard defense framework for protecting LLM-tool interactions.,"IC1,IC2",2026-01-12T11:34:55.911470
MPG747M9,Can multi-modal (reasoning) LLMs detect document manipulation?,INCLUDE,Investigates multi-modal LLMs for detecting document manipulation (fraud threat).,"IC1,IC2",2026-01-12T11:35:00.956211
9TEIRPG6,Chimera: harnessing multi-agent LLMs for automatic insider threat simulation,INCLUDE,Simulates and detects insider threats using multi-agent LLMs.,"IC1,IC2",2026-01-12T11:34:58.777691
K5HHI6XG,Securing agentic AI: threat modeling and risk analysis for network monitoring agentic AI system,INCLUDE,Threat modeling and risk analysis for agentic AI in network monitoring.,"IC1,IC2",2026-01-12T11:34:59.889070
34H6JM5W,Leveraging large language models for SQL behavior-based database intrusion detection,INCLUDE,Leverages BERT for SQL behavior-based database intrusion detection.,"IC1,IC2",2026-01-12T11:34:49.322515
NVDW2URN,DMFI: dual-modality fine-tuning and inference framework for LLM-based insider threat detection,INCLUDE,Dual-modality framework for LLM-based insider threat detection.,"IC1,IC2",2026-01-12T11:34:51.855408
884KRRGI,Quantifying conversation drift in MCP via latent polytope,INCLUDE,SecMCP framework for detecting conversation drift and hijacking in tool-integrated LLMs.,"IC1,IC2",2026-01-12T11:34:52.845929
I2BM5KAU,Mitigating distribution shift in graph-based android malware classification via function metadata and LLM embeddings,INCLUDE,Enhances Android malware classification using LLM embeddings.,"IC1,IC2",2026-01-12T11:34:57.303456
BMFBFDUP,Breaking obfuscation: cluster-aware graph with LLM-aided recovery for malicious JavaScript detection,INCLUDE,Proposes LLM-aided recovery for malicious JS detection.,"IC1,IC2",2026-01-12T11:32:44.119870
DWCDTG7X,Counterfactual evaluation for blind attack detection in LLM-based evaluation systems,INCLUDE,Proposes framework for detecting blind attacks/prompt injection.,"IC1,IC2",2026-01-12T11:32:44.940071
5WFGHRN6,DUP: detection-guided unlearning for backdoor purification in language models,INCLUDE,Proposes detection and purification framework for backdoor attacks.,"IC1,IC2",2026-01-12T11:34:47.960014
N3AR23QQ,Interpretable anomaly-based DDoS detection in AI-RAN with XAI and LLMs,INCLUDE,Proposes LLM-interpretable detection system for DDoS in RAN.,"IC1,IC2",2026-01-12T11:32:46.548004
AN2H8REI,ConfGuard: a simple and effective backdoor detection for large language models,INCLUDE,Proposes ConfGuard for real-time backdoor detection in LLMs.,"IC1,IC2",2026-01-12T11:34:50.834811
KDN4C857,"Anticipate, simulate, reason (ASR): a comprehensive generative AI framework for combating messaging scams",INCLUDE,Proposes framework for identifying messaging scams (phishing/fraud).,"IC1,IC2",2026-01-12T11:32:43.348186
2GZ5R566,From text to actionable intelligence: automating STIX entity and relationship extraction,INCLUDE,Automates extraction of threat intelligence (STIX) from unstructured text.,"IC1,IC2",2026-01-12T11:32:45.729623
MAD3UE3F,"MindGuard: tracking, detecting, and attributing MCP tool poisoning attack via decision dependence graph",INCLUDE,MindGuard: detecting and attributing tool poisoning attacks in MCP via decision dependence graphs.,"IC1,IC2",2026-01-12T11:37:51.846046
ZMHQJEMJ,PromptSleuth: detecting prompt injection via semantic intent invariance,INCLUDE,PromptSleuth: detecting prompt injection via semantic intent invariance.,"IC1,IC2",2026-01-12T11:37:52.936770
D9AC9P7M,LLM-driven provenance forensics for threat investigation and detection,INCLUDE,PROVSEEK: agentic framework for automated provenance-driven forensic analysis and threat detection.,"IC1,IC2",2026-01-12T11:37:54.355308
RJPPUJQE,Mind the gap: time-of-check to time-of-use vulnerabilities in LLM-enabled agents,INCLUDE,First study of TOCTOU vulnerabilities in LLM agents with detection/mitigation techniques.,"IC1,IC2",2026-01-12T11:37:48.385967
D5B2G4VC,AnomalyExplainer explainable AI for LLM-based anomaly detection using BERTViz and captum,INCLUDE,AnomalyExplainer: XAI framework for LLM-based anomaly detection in logs.,"IC1,IC2",2026-01-12T11:37:49.961124
975K29C9,BlindGuard: safeguarding LLM-based multi-agent systems under unknown attacks,INCLUDE,"BlindGuard unsupervised defense for multi-agent systems against prompt injection, poisoning, and tool attacks.","IC1,IC2",2026-01-12T11:37:47.297220
QP8U3A3D,LLM-based identification of infostealer infection vectors from screenshots: the case of aurora,INCLUDE,LLM-based identification of infostealer infection vectors from screenshots.,"IC1,IC2",2026-01-12T11:35:04.101308
FPNEXHKG,Paladin: defending LLM-enabled phishing emails with a new trigger-tag paradigm,INCLUDE,Paladin: instrumented LLMs for identifying phishing emails via trigger-tag associations.,"IC1,IC2",2026-01-12T11:37:56.237538
IXS2J4CD,Insight-LLM: LLM-enhanced multi-view fusion in insider threat detection,INCLUDE,Insight-LLM: multi-view fusion framework for insider threat detection.,"IC1,IC2",2026-01-12T11:37:55.391090
9KFGVUPG,"When MCP servers attack: taxonomy, feasibility, and mitigation",INCLUDE,Systematic study and taxonomy of malicious MCP server attacks and potential mitigations.,"IC1,IC2",2026-01-12T11:41:39.007082
GEVD3HPM,LISA technical report: an agentic framework for smart contract auditing,INCLUDE,LISA agentic framework for smart contract auditing and vulnerability detection.,"IC1,IC2",2026-01-12T11:41:40.011270
TV4D2GI9,Design and development of an intelligent LLM-based LDAP honeypot,INCLUDE,Design of an intelligent LLM-based LDAP honeypot for threat analysis.,"IC1,IC2",2026-01-12T11:41:36.065159
8EBRAGUN,A framework for rapidly developing and deploying protection against large language model attacks,INCLUDE,Framework for developing and deploying protection systems against LLM-related attacks.,"IC1,IC2",2026-01-12T11:41:37.705615
VKWQE3KU,BEACON: behavioral malware classification with large language model embeddings and deep learning,INCLUDE,BEACON behavioral malware classification using LLM embeddings and deep learning.,"IC1,IC2",2026-01-12T11:41:35.233748
RB9BCEJU,Fraud detection and risk assessment of online payment transactions on e-commerce platforms based on LLM and GCN frameworks,INCLUDE,Fraud detection framework using LLMs and GCNs for e-commerce transactions.,"IC1,IC2",2026-01-12T11:41:33.466101
XD45W9N2,Securing LLM-generated embedded firmware through AI agent-driven validation and patching,INCLUDE,Agent-driven validation and patching of LLM-generated firmware using Threat Detection agents.,"IC1,IC2",2026-01-12T11:41:34.265324
JT7AFHXC,"AQUA-LLM: evaluating accuracy, quantization, and adversarial robustness trade-offs in LLMs for cybersecurity question answering",INCLUDE,Evaluating adversarial robustness trade-offs in LLMs for cybersecurity question answering workflows.,"IC1,IC2",2026-01-12T11:41:36.830630
SD4SKP6K,KGBERT4Eth: a feature-complete transformer powered by knowledge graph for multi-task ethereum fraud detection,INCLUDE,KGBERT4Eth: joint Transformer and Knowledge Graph approach for Ethereum fraud detection.,"IC1,IC2",2026-01-12T11:37:58.615424
RTXP4VB7,KubeGuard: LLM-assisted kubernetes hardening via configuration files and runtime logs analysis,INCLUDE,KubeGuard: LLM-assisted Kubernetes hardening via log and configuration analysis.,"IC1,IC2",2026-01-12T11:37:59.659147
Q8TDAGMX,Cross-service threat intelligence in LLM services using privacy-preserving fingerprints,INCLUDE,BinaryShield: privacy-preserving sharing of prompt injection threat intelligence.,"IC1,IC2",2026-01-12T11:38:01.732195
VXS4GKD6,Adversarial bug reports as a security risk in language model-based automated program repair,INCLUDE,Evaluates security risks of adversarial bug reports in LLM-based program repair.,"IC1,IC2",2026-01-12T11:38:00.545955
FBZPAE5C,An ethically grounded LLM-based approach to insider threat synthesis and detection,INCLUDE,Ethically grounded LLM approach for insider threat synthesis and detection.,"IC1,IC2",2026-01-12T11:38:03.236376
85PA5KH4,Send to which account? Evaluation of an LLM-based scambaiting system,INCLUDE,Proactive LLM-based scambaiting system for intelligence extraction and scammer engagement.,"IC1,IC2",2026-01-12T11:41:32.168030
XUMTVVAR,TraceLLM: security diagnosis through traces and smart contracts in ethereum,INCLUDE,TraceLLM: Ethereum security diagnosis integrating execution traces and contract code.,"IC1,IC2",2026-01-12T11:37:56.971020
2CHHXVCA,Exploring backdoor attack and defense for LLM-empowered recommendations,INCLUDE,Poison Scanner (P-Scanner) defense framework for detecting backdoor attacks in recommenders.,"IC1,IC2",2026-01-12T11:41:45.765421
4HAPX9WD,EvoMail: self-evolving cognitive agents for adaptive spam and phishing email defense,INCLUDE,EvoMail self-evolving cognitive agents for adaptive spam and phishing detection.,"IC1,IC2",2026-01-12T11:41:42.911862
4QD52D4P,AI kill switch for malicious web-based LLM agent,INCLUDE,AutoGuard AI kill switch framework for detecting and halting malicious web agents.,"IC1,IC2",2026-01-12T11:41:43.879743
CT44WBZV,Benchmarking LLM-assisted blue teaming via standardized threat hunting,INCLUDE,Benchmarking LLM-assisted blue teaming and threat hunting standardized workflows.,"IC1,IC2",2026-01-12T11:41:44.947335
43RKP9H5,Sentinel agents for secure and trustworthy agentic AI in multi-agent systems,INCLUDE,Proposes Sentinel Agents for security monitoring and threat detection in multi-agent systems.,"IC1,IC2",2026-01-12T11:41:41.878047
Z9C972M7,Can LLMs handle WebShell detection? Overcoming detection challenges with behavioral function-aware framework,INCLUDE,Behavioral function-aware framework for WebShell detection using LLMs.,"IC1,IC2",2026-01-12T11:44:45.118802
IXBG7BF2,SecureBERT 2.0: advanced language model for cybersecurity intelligence,INCLUDE,SecureBERT 2.0 specialized encoder-only model for automated threat detection and incident triage.,"IC1,IC2",2026-01-12T11:44:46.734974
MR26WGFM,A-MemGuard: a proactive defense framework for LLM-based agent memory,INCLUDE,A-MemGuard proactive defense framework for LLM agent memory against malicious injections.,"IC1,IC2",2026-01-12T11:44:47.827684
JX7DKVPJ,MobiLLM: an agentic AI framework for closed-loop threat mitigation in 6G open RANs,INCLUDE,MobiLLM agentic framework for automated threat mitigation in 6G Open RAN.,"IC1,IC2",2026-01-12T11:44:45.902479
5F38Q353,LLMpatronous: harnessing the power of LLMs for vulnerability detection,INCLUDE,LLMpatronous framework for vulnerability detection using RAG and Mixture-of-Agents.,"IC1,IC2",2026-01-12T11:44:51.075001
8B4ZAER2,Secret breach detection in source code with large language models,INCLUDE,Secret breach detection in source code using hybrid regex and fine-tuned LLMs.,"IC1,IC2",2026-01-12T11:44:53.429470
Q6AV5XR2,InjectLab: a tactical framework for adversarial threat modeling against large language models,INCLUDE,InjectLab framework mapping adversarial techniques against LLMs with detection and mitigation guidance.,"IC1,IC2",2026-01-12T11:44:52.110397
FPSVW7R4,AdaptiveGuard: towards adaptive runtime safety for LLM-powered software,INCLUDE,AdaptiveGuard adaptive runtime safety framework for detecting and learning to defend against novel jailbreak threats.,"IC1,IC2",2026-01-12T11:44:49.969487
XPFJIIXB,ALPHA: LLM-enabled active learning for human-free network anomaly detection,INCLUDE,ALPHA active learning pipeline for human-free log analysis and anomaly detection using LLMs.,"IC1,IC2",2026-01-12T11:44:49.132101
W8EVZK2G,Blockchain large language models,INCLUDE,BlockGPT for real-time anomaly detection in blockchain (Ethereum) transactions.,"IC1,IC2",2026-01-12T11:44:55.331218
DBW42NB6,Detection and defense against prominent attacks on preconditioned LLM-integrated virtual assistants,INCLUDE,Proposes detection and defense mechanisms against attacks on LLM-integrated virtual assistants.,"IC1,IC2",2026-01-12T11:49:21.073848
96GFNRKI,Prompted contextual vectors for spear-phishing detection,INCLUDE,Spear-phishing detection using prompted contextual vectors from LLM ensembles.,"IC1,IC2",2026-01-12T11:49:23.286391
F56QSUD7,DefectHunter: a novel LLM-driven boosted-conformer-based code vulnerability detection mechanism,INCLUDE,DefectHunter boosted-conformer mechanism for code vulnerability detection.,"IC1,IC2",2026-01-12T11:44:56.788638
QENV2HSK,"From chatbots to PhishBots? -- preventing phishing scams created using ChatGPT, google bard and claude",INCLUDE,BERT-based detection tool for malicious prompts used to scale phishing scams.,"IC1,IC2",2026-01-12T11:44:58.470395
CCEG7VB4,Hijacking large language models via adversarial In-context learning,INCLUDE,Evaluates attacks and proposes defense strategies for In-Context Learning (ICL) robustness.,"IC1,IC2",2026-01-12T11:49:19.929690
J7CQPQ8E,HuntGPT: integrating machine learning-based anomaly detection and explainable AI with large language models (LLMs),INCLUDE,"HuntGPT intrusion detection dashboard integrating ML, XAI, and LLMs for interpretable threat analysis.","IC1,IC2",2026-01-12T11:45:00.124217
HJJ35ANP,LogShield: a transformer-based APT detection system leveraging self-attention,INCLUDE,LogShield: Transformer-based system for APT detection using self-attention.,"IC1,IC2",2026-01-12T11:49:22.285715
V2W9KVZ4,CORTEX: collaborative LLM agents for high-stakes alert triage,INCLUDE,CORTEX: multi-agent LLM architecture for collaborative alert triage in SOCs.,"IC1,IC2",2026-01-12T11:49:28.730272
ZMF4DKIC,POLAR: automating cyber threat prioritization through LLM-powered assessment,INCLUDE,POLAR: LLM-powered assessment for automating cyber threat prioritization.,"IC1,IC2",2026-01-12T11:49:29.583996
2N4A5RVJ,Asset-centric threat modeling for AI-based systems,INCLUDE,Threat modeling approach and tool (ThreatFinderAI) for AI-based systems.,"IC1,IC2",2026-01-12T11:49:27.342316
JEKBBUB5,Detecting scams using large language models,INCLUDE,Uses LLMs to build an effective scam detector for phishing and fraud identification.,"IC1,IC2",2026-01-12T11:49:25.914836
CC3T3J5M,Intrusion detection system with machine learning and multiple datasets,INCLUDE,Enhanced IDS utilizing machine learning to combat AI-exploitative methods like prompt injection.,"IC1,IC2",2026-01-12T11:52:25.968899
XHQPP2H5,ParaFuzz: an interpretability-driven technique for detecting poisoned samples in NLP,INCLUDE,ParaFuzz framework for detecting poisoned samples in NLP using LLM paraphrasing.,"IC1,IC2",2026-01-12T11:49:31.895805
RARSU4FV,Baseline defenses for adversarial attacks against aligned language models,INCLUDE,"Evaluates baseline defense strategies (detection, preprocessing) against adversarial attacks on LLMs.","IC1,IC2",2026-01-12T11:49:32.780903
U3JAVVWP,Revolutionizing cyber threat detection with large language models: a privacy-preserving BERT-based lightweight model for IoT/IIoT devices,INCLUDE,SecurityBERT: lightweight model for IoT/IIoT cyber threat detection.,"IC1,IC2",2026-01-12T11:49:30.938740
35X9ECAH,Memory-augmented log analysis with phi-4-mini: enhancing threat detection in structured security logs,INCLUDE,DM-RAG: memory-augmented log analysis for threat detection in structured security logs.,"IC1,IC2",2026-01-12T11:52:30.826440
JFSH7ZXZ,RigorLLM: resilient guardrails for large language models against undesired content,INCLUDE,RigorLLM: resilient guardrails for LLMs against harmful content and jailbreaking attacks.,"IC1,IC2",2026-01-12T11:52:28.347848
XTEBCJRV,ChatSpamDetector: leveraging large language models for effective phishing email detection,INCLUDE,ChatSpamDetector: leveraging LLMs for effective and interpretable phishing email detection.,"IC1,IC2",2026-01-12T11:52:29.372797
6DM67VVI,MalCVE: malware detection and CVE association using large language models,INCLUDE,MalCVE: malware detection and CVE association using LLMs and RAG.,"IC1,IC2",2026-01-12T11:52:32.855969
IFHHXJXM,CrossGuard: safeguarding MLLMs against joint-modal implicit malicious attacks,INCLUDE,CrossGuard: intent-aware safeguard for MLLMs against joint-modal implicit malicious attacks.,"IC1,IC2",2026-01-12T11:52:34.673141
X8FV9MMI,DeepTx: real-time transaction risk analysis via multi-modal features and LLM reasoning,INCLUDE,DeepTx: real-time transaction risk analysis in Web3 using multi-modal features and LLM reasoning.,"IC1,IC2",2026-01-12T11:52:35.773458
JP54A5CX,VisuoAlign: safety alignment of LVLMs with multimodal tree search,INCLUDE,VisuoAlign safety alignment framework for LVLMs which proactively exposes risks via tree search.,"IC1,IC2",2026-01-12T11:52:32.122488
DM3U88WC,TraceAegis: securing LLM-based agents via hierarchical and behavioral anomaly detection,INCLUDE,TraceAegis: framework for behavioral anomaly detection in LLM agents using execution traces.,"IC1,IC2",2026-01-12T11:52:33.880385
6EZG7DHD,Proactive DDoS detection and mitigation in decentralized software-defined networking via port-level monitoring and zero-training large language models,INCLUDE,Security BY AI: Explicitly uses LLMs for DDoS detection and mitigation rule generation.,"IC1,IC2",2026-01-12T12:15:29.091854
3BXNQEVG,Defending against prompt injection with DataFilter,INCLUDE,DataFilter: model-agnostic test-time defense that removes malicious instructions from data before it reaches the LLM.,"IC1,IC2",2026-01-12T11:52:39.313005
8F3D3H7K,ParaVul: a parallel large language model and retrieval-augmented framework for smart contract vulnerability detection,INCLUDE,ParaVul: parallel LLM and retrieval-augmented framework for smart contract vulnerability detection.,"IC1,IC2",2026-01-12T11:52:38.194992
4GEUM4UQ,Adaptive and robust data poisoning detection and sanitization in wearable IoT systems using large language models,INCLUDE,Uses LLMs for data poisoning detection and sanitization in IoT (Role Play/CoT).,"IC1,IC2",2026-01-12T12:15:31.404962
35FNGCDU,RAG-targeted adversarial attack on LLM-based threat detection and mitigation framework,INCLUDE,Analyzes an 'LLM-based threat detection and mitigation framework'.,"IC1,IC2",2026-01-12T12:15:35.323643
EA35ZJSN,Adapting large language models to emerging cybersecurity using retrieval augmented generation,INCLUDE,RAG-based framework for cybersecurity threat detection.,"IC1,IC2",2026-01-12T12:15:32.962604
SMA7UFZ9,Large language models for cyber security,INCLUDE,Integration of LLMs into cybersecurity tools/IDS.,"IC1,IC2",2026-01-12T12:15:34.542409
APJ99UQI,"MH-1M: a 1.34 million-sample comprehensive multi-feature android malware dataset for machine learning, deep learning, large language models, and threat intelligence research",INCLUDE,Dataset (MH-1M) for LLM-based malware research.,"IC1,IC2",2026-01-12T12:15:36.058161
KT8NU6PD,Evaluation of vision-LLMs in surveillance video,INCLUDE,Vision-LLMs for anomalous event detection in video.,"IC1,IC2",2026-01-12T12:15:38.152492
7HNPVT92,LLMLogAnalyzer: a clustering-based log analysis chatbot using large language models,INCLUDE,LLMLogAnalyzer: Log analysis chatbot for breach prevention.,"IC1,IC2",2026-01-12T12:15:39.547314
7WCF86MJ,MCPGuard : automatically detecting vulnerabilities in MCP servers,INCLUDE,MCPGuard: Vulnerability detection in MCP servers (agentic auditing).,"IC1,IC2",2026-01-12T12:15:36.924838
RBPBES5G,CTIArena: benchmarking LLM knowledge and reasoning across heterogeneous cyber threat intelligence,INCLUDE,CTIArena: Benchmarking LLM for Cyber Threat Intelligence.,"IC1,IC2",2026-01-12T12:15:42.643625
EB58PGXI,An LLM-powered AI agent framework for holistic IoT traffic interpretation,INCLUDE,LLM-powered AI agent framework for IoT traffic interpretation.,"IC1,IC2",2026-01-12T12:15:43.644704
JRG9BAH2,Training-free In-context forensic chain for image manipulation detection and localization,INCLUDE,Image manipulation detection using MLLMs (In-Context Forensic Chain).,"IC1,IC2",2026-01-12T12:15:44.550029
KFJ6U2BB,"Unified threat detection and mitigation framework (UTDMF): combating prompt injection, deception, and bias in enterprise-scale transformers",INCLUDE,Unified Threat Detection framework (UTDMF) for prompt injection/deception.,"IC1,IC2",2026-01-12T12:15:41.744038
8QUIFA8Q,CLASP: cost-optimized LLM-based agentic system for phishing detection,INCLUDE,CLASP: LLM-based agentic system for phishing detection.,"IC1,IC2",2026-01-12T12:19:06.457602
JIMAER9H,XGen-Q: an explainable domain-adaptive LLM framework with retrieval-augmented generation for software security,INCLUDE,XGen-Q: Explainable LLM framework for malware detection.,"IC1,IC2",2026-01-12T12:19:10.795912
9T4Q5HMN,RHINO: guided reasoning for mapping network logs to adversarial tactics and techniques with large language models,INCLUDE,RHINO: Log analysis/Threat analysis using LLMs.,"IC1,IC2",2026-01-12T12:19:10.076793
MZDA8ZJE,"From flows to words: can zero-/few-shot LLMs detect network intrusions? A grammar-constrained, calibrated evaluation on UNSW-NB15",INCLUDE,Zero-/few-shot LLMs for network intrusion detection.,"IC1,IC2",2026-01-12T12:19:11.609862
3FF6R92B,L2M-AID: autonomous cyber-physical defense by fusing semantic reasoning of large language models with multi-agent reinforcement learning (preprint),INCLUDE,L2M-AID: LLM-empowered agents for industrial defense (ICS/OT).,"IC1,IC2",2026-01-12T12:19:07.698795
3FZDPBWK,Toward a safer web: multilingual multi-agent LLMs for mitigating adversarial misinformation attacks,INCLUDE,Multilingual multi-agent LLMs for misinformation detection.,"IC1,IC2",2026-01-12T12:19:08.493066
G4U5P9F9,From description to detection: LLM based extendable O-RAN compliant blind DoS detection in 5G and beyond,INCLUDE,LLM based blind DoS detection in 5G.,"IC1,IC2",2026-01-12T12:19:09.323847
UNMF48WG,NegBLEURT forest: leveraging inconsistencies for detecting jailbreak attacks,INCLUDE,NegBLEURT forest: Detecting jailbreak attacks (Threat Detection).,"IC1,IC2",2026-01-12T12:19:12.883693
DS3XTC5F,Design and implementation of a distributed security threat detection system integrating federated learning and multimodal LLM,INCLUDE,Distributed security threat detection using multimodal LLMs.,"IC1,IC2",2026-01-12T12:19:13.874453
NEZCZPNZ,Beyond natural language perplexity: detecting dead code poisoning in code generation datasets,INCLUDE,Detecting dead code poisoning (Threat) in code datasets using perplexity.,"IC1,IC2",2026-01-12T12:19:14.598949
S5ISKRFH,Knowledge transfer from LLMs to provenance analysis: a semantic-augmented method for APT detection,INCLUDE,LLM-based provenance analysis for APT detection.,"IC1,IC2",2026-01-12T12:19:22.923751
QU6IBDAQ,Training large language models for advanced typosquatting detection,INCLUDE,Training LLMs for typosquatting detection.,"IC1,IC2",2026-01-12T12:19:24.088327
ET3VQJKH,Personalized attacks of social engineering in multi-turn conversations: LLM agents for simulation and detection,INCLUDE,LLM agents for simulation and detection of social engineering.,"IC1,IC2",2026-01-12T12:19:20.408891
NF8823T5,EXPLICATE: enhancing phishing detection through explainable AI and LLM-powered interpretability,INCLUDE,EXPLICATE: Phishing detection with LLM-powered interpretability.,"IC1,IC2",2026-01-12T12:19:21.844626
75HWSCUH,CyLens: towards reinventing cyber threat intelligence in the paradigm of agentic large language models,INCLUDE,"CyLens: CTI copilot using LLMs (Threat attribution, detection).","IC1,IC2",2026-01-12T12:19:16.234178
A9E6E56I,RedChronos: a large language model-based log analysis system for insider threat detection in enterprises,INCLUDE,RedChronos: LLM-based log analysis for insider threat detection.,"IC1,IC2",2026-01-12T12:19:17.429303
ZHAEW8BN,AttackSeqBench: benchmarking large language models in analyzing attack sequences within cyber threat intelligence,INCLUDE,AttackSeqBench: Benchmarking LLMs in analyzing attack sequences.,"IC1,IC2",2026-01-12T12:19:18.839677
BSBC773U,Unleashing the power of pre-trained encoders for universal adversarial attack detection,INCLUDE,Adversarial attack detection using CLIP (Vision-Language Model).,"IC1,IC2",2026-01-12T12:19:25.412329
5WGUTCM9,Exposing the ghost in the transformer: abnormal detection for large language models via hidden state forensics,INCLUDE,Detecting abnormal behaviors IN LLMs via hidden state forensics.,"IC1,IC2",2026-01-12T12:19:26.485044
7BPNF7KR,CleanVul: automatic function-level vulnerability detection in code commits using LLM heuristics,INCLUDE,CleanVul: Automatic vulnerability detection in code commits using LLMs.,"IC1,IC2",2026-01-12T12:19:35.731828
WHT7EAZM,ThreatModeling-LLM: automating threat modeling using large language models for banking system,INCLUDE,ThreatModeling-LLM: Automating threat modeling using LLMs.,"IC1,IC2",2026-01-12T12:19:31.472931
A2QGHG86,Enhanced LLM-based framework for predicting null pointer dereference in source code,INCLUDE,Enhanced LLM-based framework for predicting null pointer dereference.,"IC1,IC2",2026-01-12T12:19:36.596129
R2IGIS6M,Detecting instruction fine-tuning attacks on language models using influence function,INCLUDE,Detecting instruction fine-tuning attacks on LLMs.,"IC1,IC2",2026-01-12T12:19:29.652387
P4FZAW59,Investigating cybersecurity incidents using large language models in latest-generation wireless networks,INCLUDE,Investigating cybersecurity incidents using LLMs in wireless networks.,"IC1,IC2",2026-01-12T12:19:30.479222
C45JI8T5,TrafficLLM: enhancing large language models for network traffic analysis with generic traffic representation,INCLUDE,TrafficLLM: Network traffic analysis for threat detection.,"IC1,IC2",2026-01-12T12:19:32.727091
U2C6WKAQ,ControlNET: a firewall for RAG-based LLM system,INCLUDE,ControlNET: Firewall for RAG-based LLM systems (Detects adversarial queries).,"IC1,IC2",2026-01-12T12:19:34.974162
M3HJFQKN,LLM-assisted proactive threat intelligence for automated reasoning,INCLUDE,LLM-assisted proactive threat intelligence.,"IC1,IC2",2026-01-12T12:19:28.091885
BERIF2CV,Proactive adversarial defense: harnessing prompt tuning in vision-language models to detect unseen backdoored images,INCLUDE,Detecting unseen backdoored images using prompt tuning in VLMs.,"IC1,IC2",2026-01-12T12:19:39.315658
KSEQ4RWP,Labeling NIDS rules with MITRE ATT&CK techniques: machine learning vs. Large language models,INCLUDE,Labeling NIDS rules with MITRE ATT&CK using LLMs.,"IC1,IC2",2026-01-12T12:21:16.278111
DPG2MSKF,BotSim: LLM-powered malicious social botnet simulation,INCLUDE,BotSim: LLM-powered botnet simulation for benchmarking detection.,"IC1,IC2",2026-01-12T12:21:17.768247
FDMJ253H,BDefects4NN: a backdoor defect database for controlled localization studies in neural networks,rejected,,,2026-01-27T19:58:05.433784+00:00
DJP43PBI,Unseen attack detection in software-defined networking using a BERT-based large language model,INCLUDE,Unseen attack detection in SDN using BERT.,"IC1,IC2",2026-01-12T12:19:40.554332
6KW2756M,U-GIFT: uncertainty-guided firewall for toxic speech in few-shot scenario,INCLUDE,U-GIFT: Toxic speech detection using PLMs/BNNs.,"IC1,IC2",2026-01-12T12:21:19.341481
4MFJ2U6X,A unified framework for context-aware IoT management and state-of-the-art IoT traffic anomaly detection,INCLUDE,Unified framework for IoT management and anomaly detection (fine-tuned model).,"IC1,IC2",2026-01-12T12:21:21.597842
8F5NQEEJ,"Improving network threat detection by knowledge graph, large language model, and imbalanced learning",INCLUDE,Network threat detection by knowledge graph and LLM.,"IC1,IC2",2026-01-12T12:21:24.302894
D9AZM26V,TORCHLIGHT: shedding LIGHT on real-world attacks on cloudless IoT devices concealed within the tor network,INCLUDE,TORCHLIGHT: Detecting attacks on cloudless IoT using LLMs (CoT).,"IC1,IC2",2026-01-12T12:21:25.538111
WQ8HPM77,SpaLLM-guard: pairing SMS spam detection using open-source and commercial LLMs,INCLUDE,SpaLLM-guard: SMS spam detection using LLMs.,"IC1,IC2",2026-01-12T12:21:23.043779
J557TF6S,Advanced real-time fraud detection using RAG-based LLMs,INCLUDE,Real-time fraud detection using RAG-based LLMs.,"IC1,IC2",2026-01-12T12:21:26.601504
QB4AV2NU,SHIELD: APT detection and intelligent explanation using LLM,INCLUDE,SHIELD: APT detection and explanation using LLM.,"IC1,IC2",2026-01-12T12:21:28.098112
67HTIQ9J,BounTCHA: a CAPTCHA utilizing boundary identification in guided generative AI-extended videos,INCLUDE,BounTCHA: CAPTCHA utilizing generative AI to detect bots.,"IC1,IC2",2026-01-12T12:21:29.664469
XJCCZAQU,Rule-ATT&CK mapper (RAM): mapping SIEM rules to TTPs using LLMs,INCLUDE,Rule-ATT&CK Mapper (RAM): Mapping SIEM rules to TTPs using LLMs.,"IC1,IC2",2026-01-12T12:21:31.067939
4WJ3AHK3,Aero-LLM: a distributed framework for secure UAV communication and intelligent decision-making,INCLUDE,Aero-LLM: Secure UAV communication and anomaly detection.,"IC1,IC2",2026-01-12T12:21:31.810036
M2R7FZN4,HateBench: benchmarking hate speech detectors on LLM-generated content and hate campaigns,INCLUDE,HateBench: Benchmarking hate speech detectors on LLM-generated content.,"IC1,IC2",2026-01-12T12:21:28.870031
KEC7DX4R,JBShield: defending large language models from jailbreak attacks through activated concept analysis and manipulation,INCLUDE,JBShield: Defending LLMs from jailbreak attacks (Detection/Mitigation).,"IC1,IC2",2026-01-12T12:21:34.441346
4AUPSBAW,Enhancing phishing email identification with large language models,INCLUDE,Enhancing phishing email identification with LLMs.,"IC1,IC2",2026-01-12T12:21:33.218610
IX2R6FJM,PLLM-CS: pre-trained large language model (LLM) for cyber threat detection in satellite networks,INCLUDE,PLLM-CS: Pre-trained LLM for cyber threat detection in satellite networks.,"IC1,IC2",2026-01-12T12:21:35.697495
87WVF9IC,ExplainableDetector: exploring transformer-based language modeling approach for SMS spam detection with explainability analysis,INCLUDE,ExplainableDetector: SMS spam detection using Transformer-based LLMs.,"IC1,IC2",2026-01-12T12:21:37.078212
U3A5P2FA,DoLLM: how large language models understanding network flow data to detect carpet bombing DDoS,INCLUDE,DoLLM: DDoS detection using LLMs on network flow data.,"IC1,IC2",2026-01-12T12:21:37.892734
BQMHHFF2,LLMPot: dynamically configured LLM-based honeypot for industrial protocol and physical process emulation,INCLUDE,LLMPot: LLM-based honeypot for industrial protocols.,"IC1,IC2",2026-01-12T12:21:38.782075
TEDHR44N,DFEPT: data flow embedding for enhancing pre-trained model based vulnerability detection,INCLUDE,DFEPT: Data flow embedding for enhancing pre-trained model vulnerability detection.,"IC1,IC2",2026-01-12T12:21:40.886006
PJRKIEX3,PILLAR: LINDDUN privacy threat modeling using LLMs,INCLUDE,PILLAR: LINDDUN privacy threat modeling using LLMs.,"IC1,IC2",2026-01-12T12:21:42.101907
FGF9VSD6,"MoJE: mixture of jailbreak experts, naive tabular classifiers as guard for prompt attacks",INCLUDE,MoJE: Mixture of jailbreak experts for prompt attack detection.,"IC1,IC2",2026-01-12T12:21:45.017975
VMEX45KM,LLM honeypot: leveraging large language models as advanced interactive honeypot systems,INCLUDE,LLM honeypot: Interactive honeypot systems using LLMs.,"IC1,IC2",2026-01-12T12:21:47.394933
UWXPDZ9Z,Advancing cyber incident timeline analysis through retrieval-augmented generation and large language models,INCLUDE,GenDFIR: Cyber incident timeline analysis using RAG and LLMs.,"IC1,IC2",2026-01-12T12:21:48.985117
JJEVRNR3,SPICED: syntactical bug and trojan pattern identification in a/MS circuits using LLM-enhanced detection,INCLUDE,SPICED: Hardware Trojan/Bug detection using LLM-enhanced detection.,"IC1,IC2",2026-01-12T12:21:51.306545
4JE396MU,Towards explainable network intrusion detection using large language models,INCLUDE,Explainable network intrusion detection using LLMs.,"IC1,IC2",2026-01-12T12:21:52.337015
AEZ4ZPI3,Cross-modality information check for detecting jailbreaking in multimodal large language models,INCLUDE,CIDER: Detecting jailbreaking in MLLMs (Cross-modality information check).,"IC1,IC2",2026-01-12T12:21:53.075228
Q27TK92F,Large language models for anomaly detection in computational workflows: from supervised fine-tuning to In-context learning,INCLUDE,Anomaly detection in computational workflows using LLMs.,"IC1,IC2",2026-01-12T12:21:53.944314
7ZIG2KGR,Defending against social engineering attacks in the age of LLMs,INCLUDE,ConvoSentinel: Social engineering detection using modular LLM defense.,"IC1,IC2",2026-01-12T12:24:54.083814
Q2CRVKE5,CANAL - cyber activity news alerting language model : empirical approach vs. Expensive LLMs,INCLUDE,CANAL: Cyber activity news alerting using BERT/LLMs (CTI).,"IC1,IC2",2026-01-12T12:24:59.738702
SDAQJKMN,"""It warned me just at the right moment"": exploring LLM-based real-time detection of phone scams",INCLUDE,LLM-based real-time detection of phone scams.,"IC1,IC2",2026-01-12T12:25:01.790812
ZM26HA2J,LLMSecConfig: an LLM-based approach for fixing software container misconfigurations,INCLUDE,LLMSecConfig: LLM-based fixing of container misconfigurations (Vulnerability Response).,"IC1,IC2",2026-01-12T12:25:04.140572
IJM78IH7,Synthetic user behavior sequence generation with large language models for smart homes,INCLUDE,Synthetic user behavior generation with LLMs for smart home security (Data Gen).,"IC1,IC2",2026-01-12T12:25:06.416810
BRXED658,AI-based attacker models for enhancing multi-stage cyberattack simulations in smart grids using Co-simulation environments,INCLUDE,AI-based attacker models (LLM) for cyberattack simulation (Testing/Detection support).,"IC1,IC2",2026-01-12T12:25:07.985737
VDC7MPUV,Next-generation phishing: how LLM agents empower cyber attackers,INCLUDE,Evaluating LLMs as phishing detection tools.,"IC1,IC2",2026-01-12T12:25:08.713003
9IIEV76T,AttackLLM: LLM-based attack pattern generation for an industrial control system,INCLUDE,AttackLLM: LLM-based attack pattern generation for ICS (Robustness evaluation).,"IC1,IC2",2026-01-12T12:25:10.307825
VHBVFEW3,STING-BEE: towards vision-language model for real-world X-ray baggage security inspection,INCLUDE,STING-BEE: Vision-language model for X-ray baggage security inspection.,"IC1,IC2",2026-01-12T12:25:11.082839
92DCM7MC,Integrated LLM-based intrusion detection with secure slicing xApp for securing O-RAN-enabled wireless network deployments,INCLUDE,Integrated LLM-based intrusion detection for O-RAN.,"IC1,IC2",2026-01-12T12:25:11.936605
JJB7MBX2,Drop the golden apples: identifying third-party reuse by DB-less software composition analysis,INCLUDE,DB-less Software Composition Analysis (SCA) using LLMs.,"IC1,IC2",2026-01-12T12:25:13.174185
BWX2BMQT,DroidTTP: mapping android applications with TTP for cyber threat intelligence,INCLUDE,DroidTTP: Mapping Android malware to TTPs using LLMs.,"IC1,IC2",2026-01-12T12:25:15.153574
III4JCUS,Forensics-bench: a comprehensive forgery detection benchmark suite for large vision language models,INCLUDE,Forensics-Bench: Benchmark for forgery detection using LVLMs.,"IC1,IC2",2026-01-12T12:25:16.071342
BAPJZTME,Enforcing web security constraints for LLM-driven robot agents for online transactions,INCLUDE,Enforcing security constraints for LLM-driven robot agents (Response/Prevention).,"IC1,IC2",2026-01-12T12:25:17.109992
RWRRW6QC,Adapting large language models for parameter-efficient log anomaly detection,INCLUDE,Adapting LLMs for log anomaly detection (PEFT).,"IC1,IC2",2026-01-12T12:25:18.167719
EWW62EA2,OMNISEC: LLM-driven provenance-based intrusion detection via retrieval-augmented behavior prompting,INCLUDE,OMNISEC: LLM-driven provenance-based intrusion detection.,"IC1,IC2",2026-01-12T12:25:20.906428
QEIWN94N,Guardians of the agentic system: preventing many shots jailbreak with agentic system,INCLUDE,Guardians of the agentic system: Anti-jailbreaking system using agents.,"IC1,IC2",2026-01-12T12:25:22.053827
JFQ5MIMR,LAMD: context-driven android malware detection and classification with LLMs,INCLUDE,LAMD: Context-driven Android malware detection with LLMs.,"IC1,IC2",2026-01-12T12:25:23.074986
3AW7R739,G-safeguard: a topology-guided security lens and treatment on LLM-based multi-agent systems,INCLUDE,G-safeguard: Anomaly detection on LLM-based multi-agent systems.,"IC1,IC2",2026-01-12T12:31:52.967505
86BRKDDJ,CyberRAG: an agentic RAG cyber attack classification and reporting tool,INCLUDE,CyberRAG: Agentic RAG tool for cyber attack classification and reporting.,"IC1,IC2",2026-01-12T12:31:55.794507
GG634F5A,Adaptive linguistic prompting (ALP) enhances phishing webpage detection in multimodal large language models,INCLUDE,Adaptive Linguistic Prompting: Phishing webpage detection using MLLMs.,"IC1,IC2",2026-01-12T12:31:56.648227
VE2HAM6V,JsDeObsBench: measuring and benchmarking LLMs for JavaScript deobfuscation,INCLUDE,JsDeObsBench: Benchmarking LLMs for JavaScript deobfuscation (Analysis).,"IC1,IC2",2026-01-12T12:31:58.634029
C5TQZ6KA,PhishingHook: catching phishing ethereum smart contracts leveraging EVM opcodes,INCLUDE,PhishingHook: Phishing detection in smart contracts using Language Models.,"IC1,IC2",2026-01-12T12:31:59.693412
UDP2R36C,Analyzing PDFs like binaries: adversarially robust PDF malware analysis via intermediate representation and language model,INCLUDE,PDF malware analysis via intermediate representation and language model.,"IC1,IC2",2026-01-12T12:32:00.771459
F9JT4AFB,Detecting hard-coded credentials in software repositories via LLMs,INCLUDE,Detecting hard-coded credentials using LLMs (GPT).,"IC1,IC2",2026-01-12T12:32:02.353539
C45XQX4D,SmartHome-bench: a comprehensive benchmark for video anomaly detection in smart homes using multi-modal large language models,INCLUDE,SmartHome-bench: Video anomaly detection benchmark using MLLMs.,"IC1,IC2",2026-01-12T12:32:03.210237
ZDJQ2SU8,A multi-dataset evaluation of models for automated vulnerability repair,INCLUDE,Automated vulnerability repair using CodeBERT/CodeT5 (Response).,"IC1,IC2",2026-01-12T12:32:04.729025
CUVC2MKI,GUARD: dual-agent based backdoor defense on chain-of-thought in neural code generation,INCLUDE,GUARD: Backdoor detection in code generation (Detection of attacks on AI).,"IC1,IC2",2026-01-12T12:32:07.158659
FA9UQ5EG,RRTL: red teaming reasoning large language models in tool learning,INCLUDE,RRTL: Red teaming (Threat detection) of reasoning LLMs.,"IC1,IC2",2026-01-12T12:32:08.454034
FKVDTKWT,Are large language models good at detecting propaganda?,INCLUDE,Propaganda detection using LLMs (GPT-4/Claude).,"IC1,IC2",2026-01-12T12:32:09.816405
2V8HXCCN,Large language model-driven security assistant for internet of things via chain-of-thought,INCLUDE,LLM-driven IoT security assistant (Detection/Mitigation support).,"IC1,IC2",2026-01-12T12:32:12.535257
6SPEHDCU,Towards effective identification of attack techniques in cyber threat intelligence reports using large language models,INCLUDE,Identification of attack techniques in CTI reports using LLMs.,"IC1,IC2",2026-01-12T12:32:13.773978
T2ZPRXUH,A rusty link in the AI supply chain: detecting evil configurations in model repositories,INCLUDE,CONFIGSCAN: Detecting malicious configurations in model repositories.,"IC1,IC2",2026-01-12T12:32:14.542855
FVF4N28T,Leveraging LLM to strengthen ML-based cross-site scripting detection,INCLUDE,Leveraging LLM to strengthen XSS detection (Data Augmentation).,"IC1,IC2",2026-01-12T12:32:15.512174
TZNCNVXT,"""Digital camouflage"": the LLVM challenge in LLM-based malware detection",INCLUDE,Evaluating LLM robustness for malware detection against obfuscation.,"IC1,IC2",2026-01-12T12:32:17.727614
ZEAQFEQ8,A decade-long landscape of advanced persistent threats: longitudinal analysis and global trends,INCLUDE,Longitudinal analysis of APTs using LLM-based search.,"IC1,IC2",2026-01-12T12:32:18.808496
KGUQTW89,EverTracer: hunting stolen large language models via stealthy and robust probabilistic fingerprint,INCLUDE,EverTracer: Hunting stolen LLMs (Model theft detection).,"IC1,IC2",2026-01-12T12:32:21.011316
HQU7PPQI,FakeSV-VLM: taming VLM for detecting fake short-video news via progressive mixture-of-experts adapter,INCLUDE,FakeSV-VLM: Detecting fake short-video news using VLMs.,"IC1,IC2",2026-01-12T12:32:21.831341
N29K8CJ5,Learning from few samples: a novel approach for high-quality malcode generation,INCLUDE,High-quality malcode generation for IDS training (Data Augmentation).,"IC1,IC2",2026-01-12T12:32:22.949816
B5PSZBVG,MalLoc: toward fine-grained android malicious payload localization via LLMs,INCLUDE,MalLoc: Fine-grained Android malicious payload localization via LLMs.,"IC1,IC2",2026-01-12T12:32:24.067304
7IGWTFG9,IPIGuard: a novel tool dependency graph-based defense against indirect prompt injection in LLM agents,INCLUDE,IPIGuard: Defense against indirect prompt injection (Detection/Prevention).,"IC1,IC2",2026-01-12T12:32:24.955897
M7ADPTXG,Large language models for power system security: a novel multi-modal approach for anomaly detection in energy management systems,INCLUDE,GenAI-based anomaly detection for energy management systems.,"IC1,IC2",2026-01-12T12:32:25.675187
CPTW5ZE5,Secure and scalable blockchain voting: a comparative framework and the role of large language models,INCLUDE,Role of LLMs in blockchain voting anomaly detection.,"IC1,IC2",2026-01-12T12:32:26.458926
GFX3KR5W,Proactive disentangled modeling of trigger–object pairings for backdoor defense,INCLUDE,DBOM: Proactive modeling for backdoor defense using VLMs.,"IC1,IC2",2026-01-12T12:32:27.543187
JCKWGNR7,eX-NIDS: a framework for explainable network intrusion detection leveraging large language models,INCLUDE,eX-NIDS: Explainable network intrusion detection using LLMs.,"IC1,IC2",2026-01-12T12:32:28.601093
RGDQ7568,PhishIntentionLLM: uncovering phishing website intentions through multi-agent retrieval-augmented generation,INCLUDE,PhishIntentionLLM: Uncovering phishing intentions using RAG/LLMs.,"IC1,IC2",2026-01-12T12:32:30.086271
8H9BZEFW,PiMRef: detecting and explaining ever-evolving spear phishing emails with knowledge base invariants,INCLUDE,PiMRef: Detecting spear phishing with knowledge base invariants (and LLM threat context).,"IC1,IC2",2026-01-12T12:32:31.022663
TKCEKZ4Q,From alerts to intelligence: a novel LLM-aided framework for host-based intrusion detection,INCLUDE,SHIELD: LLM-aided framework for host-based intrusion detection.,"IC1,IC2",2026-01-12T12:32:32.331590
7AGWUVZ3,REAL-IoT: characterizing GNN intrusion detection robustness under practical adversarial attack,INCLUDE,REAL-IoT: LLM-based filtering for GNN intrusion detection robustness.,"IC1,IC2",2026-01-12T12:32:33.608095
GKWNWXQ3,ExCyTIn-bench: evaluating LLM agents on cyber threat investigation,INCLUDE,ExCyTIn-bench: Evaluating LLM agents on cyber threat investigation.,"IC1,IC2",2026-01-12T12:32:34.593592
346F2HVN,ChatGPT: excellent paper! Accept it. Editor: imposter found! Review rejected,INCLUDE,Inject-and-detect: Detecting LLM-generated reviews (Imposter detection).,"IC1,IC2",2026-01-12T12:32:35.593714
59TWVGZR,Generation of programmatic rules for document forgery detection using large language models,INCLUDE,Generation of rules for document forgery detection using LLMs.,"IC1,IC2",2026-01-12T12:32:36.654460
MATFKQP3,Automated red-teaming framework for large language model security assessment: a comprehensive attack generation and detection system,INCLUDE,Automated red-teaming framework for LLM security assessment.,"IC1,IC2",2026-01-12T12:32:37.749180
STJV7FI9,Explainable and fine-grained safeguarding of LLM multi-agent systems via Bi-level graph anomaly detection,INCLUDE,XG-Guard: Safeguarding LLM multi-agent systems via graph anomaly detection.,"IC1,IC2",2026-01-12T12:32:38.946726
SGSC3AHM,Rethinking jailbreak detection of large vision language models with representational contrastive scoring,INCLUDE,RCS: Rethinking jailbreak detection of LVLMs (Internal representation analysis).,"IC1,IC2",2026-01-12T12:32:40.734262
N6I6I7N8,"TriDF: evaluating perception, detection, and hallucination for interpretable DeepFake detection",INCLUDE,TriDF: Benchmark for interpretable DeepFake detection using MLLMs.,"IC1,IC2",2026-01-12T12:32:41.438459
BC2D8JN6,Phishing email detection using large language models,INCLUDE,LLMPEA: LLM-based framework to detect phishing email attacks.,"IC1,IC2",2026-01-12T12:32:42.233199
73WRJSWV,SCOUT: a defense against data poisoning attacks in fine-tuned language models,INCLUDE,SCOUT: Defense against data poisoning using saliency analysis (in LMs).,"IC1,IC2",2026-01-12T12:32:43.127089
T5M7HMNP,MINES: explainable anomaly detection through web API invariant inference,INCLUDE,MINES: Explainable anomaly detection through web API invariant inference (using LLM).,"IC1,IC2",2026-01-12T12:32:43.999523
QFWJ4TWE,Patronus: identifying and mitigating transferable backdoors in pre-trained language models,INCLUDE,Patronus: Identifying and mitigating transferable backdoors in PLMs.,"IC1,IC2",2026-01-12T12:32:45.298940
FHSMJZK7,Securing the model context protocol: defending LLMs against tool poisoning and adversarial attacks,INCLUDE,Securing MCP: LLM-on-LLM semantic vetting for tool poisoning.,"IC1,IC2",2026-01-12T12:32:46.145052
A6T5A2QR,AgenticCyber: a GenAI-powered multi-agent system for multimodal threat detection and adaptive response in cybersecurity,INCLUDE,AgenticCyber: GenAI-powered multi-agent system for multimodal threat detection.,"IC1,IC2",2026-01-12T12:32:47.465595
XWCMNMDH,ARGUS: defending against multimodal indirect prompt injection via steering instruction-following behavior,INCLUDE,ARGUS: Defending against multimodal indirect prompt injection (Detection/Steering).,"IC1,IC2",2026-01-12T12:32:48.328889
AFN5832P,Beyond detection: a comprehensive benchmark and study on representation learning for fine-grained webshell family classification,INCLUDE,WebShell family classification: Data augmentation with LLMs.,"IC1,IC2",2026-01-12T12:32:49.843486
5MWT2NRE,Immunity memory-based jailbreak detection: multi-agent adaptive guard for large language models,INCLUDE,MAAG: Multi-Agent Adaptive Guard for jailbreak detection.,"IC1,IC2",2026-01-12T12:32:51.174028
8NP9HCGF,AGENTSAFE: a unified framework for ethical assurance and governance in agentic AI,INCLUDE,AGENTSAFE: Governance/Anomaly detection in agentic AI.,"IC1,IC2",2026-01-12T12:32:52.039076
PR5AX6FK,Bias injection attacks on RAG databases and sanitization defenses,INCLUDE,BiasDef: Post-retrieval filtering defense against bias injection in RAG.,"IC1,IC2",2026-01-12T12:32:52.802317
8SGUZWZ7,TrojanLoC: LLM-based framework for RTL trojan localization,INCLUDE,TrojanLoC: LLM-based framework for RTL trojan localization.,"IC1,IC2",2026-01-12T12:32:53.908800
7328M34Z,Constructing and benchmarking: a labeled email dataset for text-based phishing and spam detection framework,INCLUDE,Labeled email dataset for phishing detection (LLM benchmarking).,"IC1,IC2",2026-01-12T12:32:54.819074
2STS3I94,Defending large language models against jailbreak exploits with responsible AI considerations,INCLUDE,Agent-based defense against jailbreak exploits.,"IC1,IC2",2026-01-12T12:32:56.359600
Q73H95CD,Think fast: real-time IoT intrusion reasoning using IDS and LLMs at the edge gateway,INCLUDE,IoT intrusion reasoning using IDS and LLMs at the edge.,"IC1,IC2",2026-01-12T12:32:57.872111
56DIJ6EI,Sparse reasoning is enough: biological-inspired framework for video anomaly detection with large pre-trained models,INCLUDE,ReCoVAD: Video anomaly detection with large pre-trained models.,"IC1,IC2",2026-01-12T12:32:59.323315
5ZKG4JG3,Hiding in the AI traffic: abusing MCP for LLM-powered agentic red teaming,INCLUDE,LLM-powered agentic red teaming (Vulnerability detection).,"IC1,IC2",2026-01-12T12:33:00.531575
W9J7TFNB,AquaSentinel: next-generation AI system integrating sensor networks for urban underground water pipeline anomaly detection via collaborative MoE-LLM agent architecture,INCLUDE,AquaSentinel: Anomaly detection in water pipelines via MoE-LLM agents.,"IC1,IC2",2026-01-12T12:33:01.653004
5JQBJW6I,"Small language models for phishing website detection: cost, performance, and privacy trade-offs",INCLUDE,SLMs for phishing website detection.,"IC1,IC2",2026-01-12T12:33:02.966098
PTH3VFEJ,Securing AI agents against prompt injection attacks,INCLUDE,Securing AI agents: Anomaly detection and guardrails.,"IC1,IC2",2026-01-12T12:33:03.942868
EAKPIJKK,Can MLLMs detect phishing? A comprehensive security benchmark suite focusing on dynamic threats and multimodal evaluation in academic environments,INCLUDE,AdapT-Bench: Benchmarking MLLMs for phishing detection.,"IC1,IC2",2026-01-12T12:33:04.813721
TP888DM8,From topology to behavioral semantics: enhancing BGP security by understanding BGP's language with LLMs,INCLUDE,BGPShield: BGP anomaly detection using LLM embeddings.,"IC1,IC2",2026-01-12T12:33:05.528413
83SFUQ6I,MalRAG: a retrieval-augmented LLM framework for open-set malicious traffic identification,INCLUDE,MalRAG: Retrieval-augmented LLM for malicious traffic identification.,"IC1,IC2",2026-01-12T12:33:06.496087
QWEBP3AZ,LogPurge: log data purification for anomaly detection via rule-enhanced filtering,INCLUDE,LogPurge: Log data purification for anomaly detection via LLMs.,"IC1,IC2",2026-01-12T12:33:07.324809
UK64MS7T,AutoMalDesc: large-scale script analysis for cyber threat research,INCLUDE,AutoMalDesc: Script analysis for cyber threat research using LLMs.,"IC1,IC2",2026-01-12T12:33:08.158257
BG8BH59C,Uncovering and aligning anomalous attention heads to defend against NLP backdoor attacks,INCLUDE,Backdoor detection based on attention similarity in LLMs.,"IC1,IC2",2026-01-12T12:33:09.119972
7D5HK9JI,Privacy-preserving prompt injection detection for LLMs using federated learning and embedding-based NLP classification,INCLUDE,Privacy-preserving prompt injection detection using federated learning/NLP.,"IC1,IC2",2026-01-12T12:33:09.950957
C3FWFZK6,"One signature, multiple payments: demystifying and detecting signature replay vulnerabilities in smart contracts",INCLUDE,LASiR: Detecting signature replay vulnerabilities in smart contracts using LLMs.,"IC1,IC2",2026-01-12T12:33:10.735935
KV9Q93SV,Actionable cybersecurity notifications for smart homes: a user study on the role of length and complexity,INCLUDE,Actionable cybersecurity notifications for smart homes using LLMs.,"IC1,IC2",2026-01-12T12:33:11.613191
NZ6C2R8H,Security logs to ATT&CK insights: leveraging LLMs for high-level threat understanding and cognitive trait inference,INCLUDE,Leveraging LLMs for high-level threat understanding from security logs.,"IC1,IC2",2026-01-12T12:33:12.843679
4E9SGTXU,One size fits all? A modular adaptive sanitization kit (MASK) for customizable privacy-preserving phone scam detection,INCLUDE,MASK: Privacy-preserving phone scam detection using LLMs.,"IC1,IC2",2026-01-12T12:33:13.634917
5IBQZU9S,OCR-APT: reconstructing APT stories from audit logs using subgraph anomaly detection and LLMs,INCLUDE,OCR-APT: Reconstructing APT stories from audit logs using LLMs.,"IC1,IC2",2026-01-12T12:33:14.495809
7RKDSGJD,An explainable transformer-based model for phishing email detection: a large language model approach,INCLUDE,Explainable transformer-based model (DistilBERT) for phishing email detection.,"IC1,IC2",2026-01-12T12:33:16.697186
A2XPZ3EN,GradSafe: detecting jailbreak prompts for LLMs via safety-critical gradient analysis,INCLUDE,GradSafe: Detecting jailbreak prompts via gradient analysis.,"IC1,IC2",2026-01-12T12:33:18.048349
ZBDSPQRF,The use of a large language model for cyberbullying detection,INCLUDE,Cyberbullying detection using LLMs (BERT/RoBERTa).,"IC1,IC2",2026-01-12T12:33:19.777665
8UQQIACX,Moderating new waves of online hate with chain-of-thought reasoning in large language models,INCLUDE,HATEGUARD: Moderating online hate with CoT in LLMs.,"IC1,IC2",2026-01-12T12:33:20.502009
H6D3J4NC,Nexus at ArAIEval shared task: fine-tuning arabic language models for propaganda and disinformation detection,INCLUDE,Nexus: Fine-tuning Arabic language models for propaganda detection.,"IC1,IC2",2026-01-12T12:33:21.490955
BJIFQJTN,"An improved transformer-based model for detecting phishing, spam, and ham: a large language model approach",INCLUDE,IPSDM: Detecting phishing and spam using BERT.,"IC1,IC2",2026-01-12T12:33:22.377963
NIBX37BW,REEF: a framework for collecting real-world vulnerabilities and fixes,INCLUDE,REEF: Collecting real-world vulnerabilities and fixes using Neural LMs.,"IC1,IC2",2026-01-12T12:33:24.507304
95SMP3AQ,KDDT: knowledge distillation-empowered digital twin for anomaly detection,INCLUDE,KDDT: Digital twin for anomaly detection using Language Models.,"IC1,IC2",2026-01-12T12:33:25.526392
BTC69EJX,The looming threat of fake and LLM-generated LinkedIn profiles: challenges and opportunities for detection and prevention,INCLUDE,Detecting fake and LLM-generated LinkedIn profiles using BERT/RoBERTa.,"IC1,IC2",2026-01-12T12:33:27.763525
Z8VIWW98,Flow-based network intrusion detection based on BERT masked language model,INCLUDE,Flow-based NIDS using BERT.,"IC1,IC2",2026-01-12T12:33:28.526788
QEWEEQ4B,Masked language model based textual adversarial example detection,INCLUDE,Masked language model based textual adversarial example detection.,"IC1,IC2",2026-01-12T12:33:29.602144
C3V7DVAX,Robust and transferable anomaly detection in log data using pre-trained language models,INCLUDE,Log anomaly detection using Pre-trained Language Models.,"IC1,IC2",2026-01-12T12:33:31.808868
